date,hour,min,max,median,stddev
6/17/2024,0:00,12,12,12,0
6/17/2024,1:00,15.6,15.6,15.6,0
6/17/2024,2:00,15.6,15.6,15.6,0
6/17/2024,3:00,15.4,15.4,15.4,0
6/17/2024,4:00,14.2,14.2,14.2,0
6/17/2024,5:00,12,12,12,0
6/17/2024,6:00,9.4,9.4,9.4,0
6/17/2024,7:00,6.6,6.6,6.6,0
6/17/2024,8:00,6.4,6.4,6.4,0
6/17/2024,9:00,5.3,5.3,5.3,0
6/17/2024,10:00,4.4,4.4,4.4,0
6/17/2024,11:00,6.9,6.9,6.9,0
6/17/2024,12:00,6.5,6.5,6.5,0
6/17/2024,13:00,7.5,7.5,7.5,0
6/17/2024,14:00,6.9,6.9,6.9,0
6/17/2024,15:00,6.6,6.6,6.6,0
6/17/2024,16:00,6.7,6.7,6.7,0
6/17/2024,17:00,8.2,8.2,8.2,0
6/17/2024,18:00,8.9,8.9,8.9,0
6/17/2024,19:00,7.8,7.8,7.8,0
6/17/2024,20:00,5.3,5.3,5.3,0
6/17/2024,21:00,4.1,4.1,4.1,0
6/17/2024,22:00,2.8,2.8,2.8,0
6/17/2024,23:00,2.2,2.2,2.2,0
6/18/2024,0:00,2.6,2.6,2.6,0
6/18/2024,1:00,2.9,2.9,2.9,0
6/18/2024,2:00,3.4,3.4,3.4,0
6/18/2024,3:00,5,5,5,0
6/18/2024,4:00,5.7,5.7,5.7,0
6/18/2024,5:00,4.3,4.3,4.3,0
6/18/2024,6:00,5.3,5.3,5.3,0
6/18/2024,7:00,6,6,6,0
6/18/2024,8:00,4.8,4.8,4.8,0
6/18/2024,9:00,6,6,6,0
6/18/2024,10:00,5.6,5.6,5.6,0
6/18/2024,11:00,5.7,5.7,5.7,0
6/18/2024,12:00,6.3,6.3,6.3,0
6/18/2024,13:00,6.4,6.4,6.4,0
6/18/2024,14:00,7.6,7.6,7.6,0
6/18/2024,15:00,8.6,8.6,8.6,0
6/18/2024,16:00,11.1,11.1,11.1,0
6/18/2024,17:00,12.4,12.4,12.4,0
6/18/2024,18:00,12.6,12.6,12.6,0
6/18/2024,19:00,13.6,13.6,13.6,0
6/18/2024,20:00,15.1,15.1,15.1,0
6/18/2024,21:00,15.9,15.9,15.9,0
6/18/2024,22:00,17.2,17.2,17.2,0
6/18/2024,23:00,17.9,17.9,17.9,0
6/19/2024,0:00,17.7,17.7,17.7,0
6/19/2024,1:00,18.3,18.3,18.3,0
6/19/2024,2:00,21.2,21.2,21.2,0
6/19/2024,3:00,17.8,17.8,17.8,0
6/19/2024,4:00,15.1,15.1,15.1,0
6/19/2024,5:00,13.9,13.9,13.9,0
6/19/2024,6:00,11.2,11.2,11.2,0
6/19/2024,7:00,9.5,9.5,9.5,0
6/19/2024,8:00,8.9,8.9,8.9,0
6/19/2024,9:00,8.3,8.3,8.3,0
6/19/2024,10:00,8.9,8.9,8.9,0
6/19/2024,11:00,9.9,9.9,9.9,0
6/19/2024,12:00,11.2,11.2,11.2,0
6/19/2024,13:00,12.3,12.3,12.3,0
6/19/2024,14:00,12.6,12.6,12.6,0
6/19/2024,15:00,15.4,15.4,15.4,0
6/19/2024,16:00,14.9,14.9,14.9,0
6/19/2024,17:00,14.1,14.1,14.1,0
6/19/2024,18:00,13.4,13.4,13.4,0
6/19/2024,19:00,13.4,13.4,13.4,0
6/19/2024,20:00,14.6,14.6,14.6,0
6/19/2024,21:00,18.3,18.3,18.3,0
6/19/2024,22:00,23.8,23.8,23.8,0
6/20/2024,0:00,28.6,28.6,28.6,0
6/20/2024,1:00,38.6,38.6,38.6,0
6/20/2024,2:00,33.7,33.7,33.7,0
6/20/2024,3:00,23.1,23.1,23.1,0
6/20/2024,4:00,19.7,19.7,19.7,0
6/20/2024,5:00,17.8,17.8,17.8,0
6/20/2024,6:00,16,16,16,0
6/20/2024,7:00,14.5,14.5,14.5,0
6/20/2024,8:00,14.2,14.2,14.2,0
6/20/2024,9:00,14.1,14.1,14.1,0
6/20/2024,10:00,15.9,15.9,15.9,0
6/20/2024,11:00,16.7,16.7,16.7,0
6/20/2024,12:00,21.1,21.1,21.1,0
6/20/2024,13:00,22.3,22.3,22.3,0
6/20/2024,14:00,18.8,18.8,18.8,0
6/20/2024,15:00,15.5,15.5,15.5,0
6/20/2024,16:00,17,17,17,0
6/20/2024,19:00,13.2,13.2,13.2,0
6/20/2024,20:00,12.1,12.1,12.1,0
6/20/2024,21:00,12.3,12.3,12.3,0
6/20/2024,22:00,13.4,13.4,13.4,0
6/20/2024,23:00,28.8,28.8,28.8,0
6/21/2024,0:00,30.1,30.1,30.1,0
6/21/2024,1:00,24.2,24.2,24.2,0
6/21/2024,2:00,20.9,20.9,20.9,0
6/21/2024,3:00,19.5,19.5,19.5,0
6/21/2024,4:00,18.6,18.6,18.6,0
6/21/2024,5:00,19.7,19.7,19.7,0
6/21/2024,6:00,22.8,22.8,22.8,0
6/21/2024,7:00,22.8,22.8,22.8,0
6/21/2024,8:00,19.3,19.3,19.3,0
6/21/2024,9:00,17.8,17.8,17.8,0
6/21/2024,10:00,18.1,18.1,18.1,0
6/21/2024,11:00,17.7,17.7,17.7,0
6/21/2024,12:00,17.3,17.3,17.3,0
6/21/2024,13:00,13.4,13.4,13.4,0
6/21/2024,14:00,11.9,11.9,11.9,0
6/21/2024,15:00,11.5,11.5,11.5,0
6/21/2024,16:00,11,11,11,0
6/21/2024,17:00,10.2,10.2,10.2,0
6/21/2024,18:00,8.8,8.8,8.8,0
6/21/2024,19:00,9.7,9.7,9.7,0
6/21/2024,20:00,9.6,9.6,9.6,0
6/21/2024,21:00,9.3,9.3,9.3,0
6/21/2024,22:00,9,9,9,0
6/21/2024,23:00,16.3,16.3,16.3,0
6/22/2024,0:00,15.6,15.6,15.6,0
6/22/2024,1:00,12.8,12.8,12.8,0
6/22/2024,2:00,23.8,23.8,23.8,0
6/22/2024,3:00,32.3,32.3,32.3,0
6/22/2024,4:00,33,33,33,0
6/22/2024,5:00,29.9,29.9,29.9,0
6/22/2024,6:00,35.1,35.1,35.1,0
6/22/2024,7:00,35.7,35.7,35.7,0
6/22/2024,8:00,31,31,31,0
6/22/2024,9:00,24.3,24.3,24.3,0
6/22/2024,10:00,24.1,24.1,24.1,0
6/22/2024,11:00,21.8,21.8,21.8,0
6/22/2024,12:00,18.5,18.5,18.5,0
6/22/2024,13:00,18.4,18.4,18.4,0
6/22/2024,14:00,17.8,17.8,17.8,0
6/22/2024,15:00,19.3,19.3,19.3,0
6/22/2024,16:00,17.4,17.4,17.4,0
6/22/2024,17:00,12.7,12.7,12.7,0
6/22/2024,18:00,13.8,13.8,13.8,0
6/22/2024,19:00,13.4,13.4,13.4,0
6/22/2024,20:00,13.7,13.7,13.7,0
6/22/2024,21:00,15,15,15,0
6/22/2024,22:00,17.4,17.4,17.4,0
6/22/2024,23:00,21,21,21,0
6/23/2024,0:00,24.5,24.5,24.5,0
6/23/2024,1:00,27.3,27.3,27.3,0
6/23/2024,2:00,45,45,45,0
6/23/2024,3:00,48.8,48.8,48.8,0
6/23/2024,4:00,46.4,46.4,46.4,0
6/23/2024,5:00,44.9,44.9,44.9,0
6/23/2024,6:00,39.6,39.6,39.6,0
6/23/2024,7:00,42.4,42.4,42.4,0
6/23/2024,8:00,52.7,52.7,52.7,0
6/23/2024,9:00,65.1,65.1,65.1,0
6/23/2024,10:00,73.9,73.9,73.9,0
6/23/2024,11:00,75.2,75.2,75.2,0
6/23/2024,12:00,62.6,62.6,62.6,0
6/23/2024,13:00,55.6,55.6,55.6,0
6/23/2024,14:00,62.6,62.6,62.6,0
6/23/2024,15:00,59.6,59.6,59.6,0
6/23/2024,16:00,53.4,53.4,53.4,0
6/23/2024,17:00,40.1,40.1,40.1,0
6/23/2024,18:00,31.3,31.3,31.3,0
6/23/2024,19:00,25.3,25.3,25.3,0
6/23/2024,20:00,21.5,21.5,21.5,0
6/23/2024,21:00,22.4,22.4,22.4,0
6/23/2024,22:00,25.1,25.1,25.1,0
6/24/2024,0:00,23.5,23.5,23.5,0
6/24/2024,1:00,21,21,21,0
6/24/2024,2:00,20.7,20.7,20.7,0
6/24/2024,3:00,21,21,21,0
6/24/2024,4:00,15.7,15.7,15.7,0
6/24/2024,5:00,7.8,7.8,7.8,0
6/24/2024,6:00,5.2,5.2,5.2,0
6/24/2024,7:00,3.8,3.8,3.8,0
6/24/2024,8:00,3.4,3.4,3.4,0
6/24/2024,9:00,3.2,3.2,3.2,0
6/24/2024,10:00,3.5,3.5,3.5,0
6/24/2024,11:00,3.7,3.7,3.7,0
6/24/2024,12:00,3.8,3.8,3.8,0
6/24/2024,13:00,4.2,4.2,4.2,0
6/24/2024,14:00,4.7,4.7,4.7,0
6/24/2024,15:00,5.2,5.2,5.2,0
6/24/2024,16:00,5.5,5.5,5.5,0
6/24/2024,17:00,5.3,5.3,5.3,0
6/24/2024,18:00,4.8,4.8,4.8,0
6/24/2024,19:00,4.8,4.8,4.8,0
6/24/2024,20:00,5,5,5,0
6/24/2024,21:00,5.8,5.8,5.8,0
6/24/2024,22:00,5.9,5.9,5.9,0
6/24/2024,23:00,6.4,6.4,6.4,0
6/25/2024,0:00,6.7,6.7,6.7,0
6/25/2024,1:00,7.4,7.4,7.4,0
6/25/2024,2:00,9.7,9.7,9.7,0
6/25/2024,3:00,8,8,8,0
6/25/2024,4:00,8.2,8.2,8.2,0
6/25/2024,5:00,7.8,7.8,7.8,0
6/25/2024,6:00,6.5,6.5,6.5,0
6/25/2024,7:00,5.4,5.4,5.4,0
6/25/2024,8:00,4.2,4.2,4.2,0
6/25/2024,9:00,3.9,3.9,3.9,0
6/25/2024,10:00,4.5,4.5,4.5,0
6/25/2024,11:00,5.3,5.3,5.3,0
6/25/2024,12:00,6.5,6.5,6.5,0
6/25/2024,13:00,6.9,6.9,6.9,0
6/25/2024,14:00,6.9,6.9,6.9,0
6/25/2024,15:00,6.8,6.8,6.8,0
6/25/2024,16:00,6.8,6.8,6.8,0
6/25/2024,17:00,5.7,5.7,5.7,0
6/25/2024,18:00,5.7,5.7,5.7,0
6/25/2024,19:00,5.8,5.8,5.8,0
6/25/2024,20:00,5.3,5.3,5.3,0
6/25/2024,21:00,5.8,5.8,5.8,0
6/25/2024,22:00,5.9,5.9,5.9,0
6/25/2024,23:00,5.2,5.2,5.2,0
6/26/2024,0:00,11.7,11.7,11.7,0
6/26/2024,1:00,22.3,22.3,22.3,0
6/26/2024,2:00,23.3,23.3,23.3,0
6/26/2024,3:00,18.8,18.8,18.8,0
6/26/2024,4:00,9.4,9.4,9.4,0
6/26/2024,5:00,6.6,6.6,6.6,0
6/26/2024,6:00,6.6,6.6,6.6,0
6/26/2024,7:00,5.5,5.5,5.5,0
6/26/2024,8:00,5.3,5.3,5.3,0
6/26/2024,9:00,8.8,8.8,8.8,0
6/26/2024,10:00,12,12,12,0
6/26/2024,11:00,14.4,14.4,14.4,0
6/26/2024,12:00,21.1,21.1,21.1,0
6/26/2024,13:00,22.3,22.3,22.3,0
6/26/2024,14:00,20.3,20.3,20.3,0
6/26/2024,15:00,16.6,16.6,16.6,0
6/26/2024,16:00,16,16,16,0
6/26/2024,17:00,13.3,13.3,13.3,0
6/26/2024,18:00,11,11,11,0
6/26/2024,19:00,8.9,8.9,8.9,0
6/26/2024,20:00,8.6,8.6,8.6,0
6/26/2024,21:00,9.2,9.2,9.2,0
6/26/2024,22:00,10.9,10.9,10.9,0
6/26/2024,23:00,14.1,14.1,14.1,0
6/27/2024,0:00,15.8,15.8,15.8,0
6/27/2024,1:00,18,18,18,0
6/27/2024,2:00,14,14,14,0
6/27/2024,3:00,11.9,11.9,11.9,0
6/27/2024,4:00,11.4,11.4,11.4,0
6/27/2024,5:00,11.1,11.1,11.1,0
6/27/2024,6:00,12.5,12.5,12.5,0
6/27/2024,7:00,13.9,13.9,13.9,0
6/27/2024,8:00,10.5,10.5,10.5,0
6/27/2024,9:00,10.6,10.6,10.6,0
6/27/2024,10:00,14.2,14.2,14.2,0
6/27/2024,12:00,21.7,21.7,21.7,0
6/27/2024,13:00,13.2,13.2,13.2,0
6/27/2024,14:00,11.9,11.9,11.9,0
6/27/2024,15:00,10.4,10.4,10.4,0
6/27/2024,16:00,9.7,9.7,9.7,0
6/27/2024,17:00,9,9,9,0
6/27/2024,18:00,8.2,8.2,8.2,0
6/27/2024,19:00,7.9,7.9,7.9,0
6/27/2024,20:00,7.4,7.4,7.4,0
6/27/2024,21:00,7.8,7.8,7.8,0
6/27/2024,22:00,11,11,11,0
6/28/2024,0:00,14.5,14.5,14.5,0
6/28/2024,1:00,11.9,11.9,11.9,0
6/28/2024,2:00,11.9,11.9,11.9,0
6/28/2024,3:00,11,11,11,0
6/28/2024,4:00,8.7,8.7,8.7,0
6/28/2024,5:00,9.1,9.1,9.1,0
6/28/2024,6:00,9.7,9.7,9.7,0
6/28/2024,7:00,10.5,10.5,10.5,0
6/28/2024,8:00,12.4,12.4,12.4,0
6/28/2024,9:00,11.6,11.6,11.6,0
6/28/2024,10:00,11.9,11.9,11.9,0
6/28/2024,11:00,12.9,12.9,12.9,0
6/28/2024,12:00,19.7,19.7,19.7,0
6/28/2024,13:00,22.9,22.9,22.9,0
6/28/2024,14:00,23.1,23.1,23.1,0
6/28/2024,15:00,26.4,26.4,26.4,0
6/28/2024,16:00,25.9,25.9,25.9,0
6/28/2024,17:00,16.8,16.8,16.8,0
6/28/2024,18:00,14.8,14.8,14.8,0
6/28/2024,19:00,10.1,10.1,10.1,0
6/28/2024,20:00,8.1,8.1,8.1,0
6/28/2024,21:00,8,8,8,0
6/28/2024,22:00,10.7,10.7,10.7,0
6/28/2024,23:00,12.4,12.4,12.4,0
6/29/2024,0:00,11.1,11.1,11.1,0
6/29/2024,1:00,11.7,11.7,11.7,0
6/29/2024,2:00,13.4,13.4,13.4,0
6/29/2024,3:00,14.7,14.7,14.7,0
6/29/2024,4:00,15.9,15.9,15.9,0
6/29/2024,5:00,19.9,19.9,19.9,0
6/29/2024,6:00,12.3,12.3,12.3,0
6/29/2024,7:00,9.4,9.4,9.4,0
6/29/2024,8:00,9.3,9.3,9.3,0
6/29/2024,9:00,14.2,14.2,14.2,0
6/29/2024,10:00,12.8,12.8,12.8,0
6/29/2024,11:00,9.9,9.9,9.9,0
6/29/2024,12:00,7.7,7.7,7.7,0
6/29/2024,13:00,7.8,7.8,7.8,0
6/29/2024,14:00,5.5,5.5,5.5,0
6/29/2024,15:00,4.4,4.4,4.4,0
6/29/2024,16:00,4.7,4.7,4.7,0
6/29/2024,17:00,4.1,4.1,4.1,0
6/29/2024,18:00,3.6,3.6,3.6,0
6/29/2024,19:00,3.9,3.9,3.9,0
6/29/2024,20:00,4.7,4.7,4.7,0
6/29/2024,21:00,13.2,13.2,13.2,0
6/29/2024,22:00,22.7,22.7,22.7,0
6/29/2024,23:00,13,13,13,0
6/30/2024,0:00,11.6,11.6,11.6,0
6/30/2024,1:00,15.5,15.5,15.5,0
6/30/2024,2:00,34,34,34,0
6/30/2024,3:00,34.6,34.6,34.6,0
6/30/2024,4:00,29.9,29.9,29.9,0
6/30/2024,5:00,27.1,27.1,27.1,0
6/30/2024,6:00,25.2,25.2,25.2,0
6/30/2024,7:00,22.4,22.4,22.4,0
6/30/2024,8:00,22.9,22.9,22.9,0
6/30/2024,9:00,19.8,19.8,19.8,0
6/30/2024,10:00,18,18,18,0
6/30/2024,11:00,15,15,15,0
6/30/2024,12:00,8.2,8.2,8.2,0
6/30/2024,13:00,7.8,7.8,7.8,0
6/30/2024,14:00,6.6,6.6,6.6,0
6/30/2024,15:00,5.5,5.5,5.5,0
6/30/2024,16:00,5.5,5.5,5.5,0
6/30/2024,17:00,7.4,7.4,7.4,0
6/30/2024,18:00,9.7,9.7,9.7,0
6/30/2024,19:00,7.3,7.3,7.3,0
6/30/2024,20:00,6.3,6.3,6.3,0
6/30/2024,21:00,6.4,6.4,6.4,0
6/30/2024,22:00,9.9,9.9,9.9,0
6/30/2024,23:00,27.1,27.1,27.1,0
7/1/2024,0:00,33.6,33.6,33.6,0
7/1/2024,1:00,32,32,32,0
7/1/2024,2:00,28.2,28.2,28.2,0
7/1/2024,3:00,31.6,31.6,31.6,0
7/1/2024,4:00,60.7,60.7,60.7,0
7/1/2024,5:00,39.4,39.4,39.4,0
7/1/2024,6:00,18.6,18.6,18.6,0
7/1/2024,7:00,16.9,16.9,16.9,0
7/1/2024,8:00,14.9,14.9,14.9,0
7/1/2024,9:00,13.2,13.2,13.2,0
7/1/2024,10:00,11.2,11.2,11.2,0
7/1/2024,11:00,12.9,12.9,12.9,0
7/1/2024,12:00,15.4,15.4,15.4,0
7/1/2024,13:00,14.2,14.2,14.2,0
7/1/2024,14:00,10.9,10.9,10.9,0
7/1/2024,16:00,9.8,9.8,9.8,0
7/1/2024,17:00,8.9,8.9,8.9,0
7/1/2024,18:00,8.6,8.6,8.6,0
7/1/2024,19:00,8.5,8.5,8.5,0
7/1/2024,20:00,7.4,7.4,7.4,0
7/1/2024,21:00,10.7,10.7,10.7,0
7/1/2024,22:00,20.2,20.2,20.2,0
7/1/2024,23:00,33.1,33.1,33.1,0
7/2/2024,0:00,66.2,66.2,66.2,0
7/2/2024,1:00,63.1,63.1,63.1,0
7/2/2024,2:00,51.4,51.4,51.4,0
7/2/2024,4:00,21.5,21.5,21.5,0
7/2/2024,5:00,18.7,18.7,18.7,0
7/2/2024,6:00,13.9,13.9,13.9,0
7/2/2024,7:00,11.6,11.6,11.6,0
7/2/2024,8:00,11.6,11.6,11.6,0
7/2/2024,9:00,12,12,12,0
7/2/2024,10:00,13.9,13.9,13.9,0
7/2/2024,11:00,15.5,15.5,15.5,0
7/2/2024,12:00,20.4,20.4,20.4,0
7/2/2024,13:00,20.1,20.1,20.1,0
7/2/2024,14:00,15.7,15.7,15.7,0
7/2/2024,15:00,15.6,15.6,15.6,0
7/2/2024,16:00,16.3,16.3,16.3,0
7/2/2024,17:00,16.6,16.6,16.6,0
7/2/2024,18:00,16.8,16.8,16.8,0
7/2/2024,19:00,16.8,16.8,16.8,0
7/2/2024,20:00,17.3,17.3,17.3,0
7/2/2024,21:00,18.5,18.5,18.5,0
7/2/2024,22:00,22.2,22.2,22.2,0
7/2/2024,23:00,31.7,31.7,31.7,0
7/3/2024,0:00,31.2,31.2,31.2,0
7/3/2024,1:00,35.4,35.4,35.4,0
7/3/2024,2:00,36.8,36.8,36.8,0
7/3/2024,3:00,32.8,32.8,32.8,0
7/3/2024,4:00,28.5,28.5,28.5,0
7/3/2024,5:00,28.4,28.4,28.4,0
7/3/2024,6:00,28.5,28.5,28.5,0
7/3/2024,7:00,26,26,26,0
7/3/2024,8:00,25.1,25.1,25.1,0
7/3/2024,9:00,26.4,26.4,26.4,0
7/3/2024,10:00,27.3,27.3,27.3,0
7/3/2024,11:00,29.8,29.8,29.8,0
7/3/2024,12:00,30.4,30.4,30.4,0
7/3/2024,13:00,26.7,26.7,26.7,0
7/3/2024,14:00,21.9,21.9,21.9,0
7/3/2024,15:00,22.1,22.1,22.1,0
7/3/2024,16:00,18.9,18.9,18.9,0
7/3/2024,17:00,17.5,17.5,17.5,0
7/3/2024,18:00,16,16,16,0
7/3/2024,19:00,14.8,14.8,14.8,0
7/3/2024,20:00,15.8,15.8,15.8,0
7/3/2024,21:00,16.8,16.8,16.8,0
7/3/2024,22:00,22.7,22.7,22.7,0
7/3/2024,23:00,27.3,27.3,27.3,0
7/4/2024,0:00,53,53,53,0
7/4/2024,1:00,44.6,44.6,44.6,0
7/4/2024,2:00,37.1,37.1,37.1,0
7/4/2024,3:00,43.4,43.4,43.4,0
7/4/2024,4:00,50.5,50.5,50.5,0
7/4/2024,5:00,46.8,46.8,46.8,0
7/4/2024,6:00,38.6,38.6,38.6,0
7/4/2024,7:00,34.8,34.8,34.8,0
7/4/2024,8:00,32.8,32.8,32.8,0
7/4/2024,9:00,34.7,34.7,34.7,0
7/4/2024,10:00,39.5,39.5,39.5,0
7/4/2024,11:00,38,38,38,0
7/4/2024,12:00,42.4,42.4,42.4,0
7/4/2024,13:00,51.1,51.1,51.1,0
7/4/2024,14:00,51.3,51.3,51.3,0
7/4/2024,15:00,46.4,46.4,46.4,0
7/4/2024,16:00,51.3,51.3,51.3,0
7/4/2024,17:00,55.1,55.1,55.1,0
7/4/2024,18:00,40,40,40,0
7/4/2024,19:00,39.5,39.5,39.5,0
7/4/2024,20:00,45.1,45.1,45.1,0
7/4/2024,21:00,51.4,51.4,51.4,0
7/4/2024,22:00,51.6,51.6,51.6,0
7/4/2024,23:00,58.6,58.6,58.6,0
7/5/2024,0:00,34.9,34.9,34.9,0
7/5/2024,2:00,42.5,42.5,42.5,0
7/5/2024,3:00,41.6,41.6,41.6,0
7/5/2024,4:00,47.2,47.2,47.2,0
7/5/2024,5:00,37.8,37.8,37.8,0
7/5/2024,6:00,44.6,44.6,44.6,0
7/5/2024,7:00,36.1,36.1,36.1,0
7/5/2024,8:00,26.1,26.1,26.1,0
7/5/2024,9:00,18.8,18.8,18.8,0
7/5/2024,10:00,13.1,13.1,13.1,0
7/5/2024,11:00,11.8,11.8,11.8,0
7/5/2024,12:00,9.9,9.9,9.9,0
7/5/2024,13:00,8.7,8.7,8.7,0
7/5/2024,14:00,7.7,7.7,7.7,0
7/5/2024,15:00,8.6,8.6,8.6,0
7/5/2024,16:00,8.7,8.7,8.7,0
7/5/2024,17:00,8.6,8.6,8.6,0
7/5/2024,18:00,8.8,8.8,8.8,0
7/5/2024,19:00,10.5,10.5,10.5,0
7/5/2024,20:00,17.3,17.3,17.3,0
7/5/2024,21:00,14.6,14.6,14.6,0
7/5/2024,22:00,22.2,22.2,22.2,0
7/5/2024,23:00,27,27,27,0
7/6/2024,0:00,20.7,20.7,20.7,0
7/6/2024,1:00,12.8,12.8,12.8,0
7/6/2024,2:00,13,13,13,0
7/6/2024,3:00,14.2,14.2,14.2,0
7/6/2024,4:00,13.9,13.9,13.9,0
7/6/2024,5:00,18.2,18.2,18.2,0
7/6/2024,6:00,8.4,8.4,8.4,0
7/6/2024,7:00,5.3,5.3,5.3,0
7/6/2024,8:00,3.9,3.9,3.9,0
7/6/2024,9:00,3.4,3.4,3.4,0
7/6/2024,10:00,4.2,4.2,4.2,0
7/6/2024,11:00,5,5,5,0
7/6/2024,12:00,8,8,8,0
7/6/2024,13:00,8.8,8.8,8.8,0
7/6/2024,14:00,9.7,9.7,9.7,0
7/6/2024,15:00,11.1,11.1,11.1,0
7/6/2024,16:00,11.1,11.1,11.1,0
7/6/2024,17:00,9.9,9.9,9.9,0
7/6/2024,19:00,8.2,8.2,8.2,0
7/6/2024,20:00,9.5,9.5,9.5,0
7/6/2024,21:00,11.7,11.7,11.7,0
7/6/2024,22:00,8.9,8.9,8.9,0
7/6/2024,23:00,8.2,8.2,8.2,0
7/7/2024,0:00,12.2,12.2,12.2,0
7/7/2024,1:00,17.1,17.1,17.1,0
7/7/2024,2:00,26.3,26.3,26.3,0
7/7/2024,3:00,38.8,38.8,38.8,0
7/7/2024,4:00,46.7,46.7,46.7,0
7/7/2024,5:00,32.3,32.3,32.3,0
7/7/2024,6:00,17.2,17.2,17.2,0
7/7/2024,7:00,13.3,13.3,13.3,0
7/7/2024,8:00,11.8,11.8,11.8,0
7/7/2024,9:00,10.5,10.5,10.5,0
7/7/2024,10:00,8.4,8.4,8.4,0
7/7/2024,11:00,7,7,7,0
7/7/2024,12:00,6.7,6.7,6.7,0
7/7/2024,13:00,3.3,3.3,3.3,0
7/7/2024,14:00,3.1,3.1,3.1,0
7/7/2024,15:00,3.9,3.9,3.9,0
7/7/2024,16:00,5,5,5,0
7/7/2024,17:00,6.4,6.4,6.4,0
7/7/2024,18:00,7.5,7.5,7.5,0
7/7/2024,19:00,7.4,7.4,7.4,0
7/7/2024,20:00,7.2,7.2,7.2,0
7/7/2024,21:00,7.4,7.4,7.4,0
7/7/2024,22:00,7.6,7.6,7.6,0
7/7/2024,23:00,7.7,7.7,7.7,0
7/8/2024,0:00,6.5,6.5,6.5,0
7/8/2024,1:00,5.8,5.8,5.8,0
7/8/2024,2:00,6.2,6.2,6.2,0
7/8/2024,3:00,7.1,7.1,7.1,0
7/8/2024,4:00,5.4,5.4,5.4,0
7/8/2024,5:00,5.3,5.3,5.3,0
7/8/2024,6:00,6.7,6.7,6.7,0
7/8/2024,7:00,7.6,7.6,7.6,0
7/8/2024,8:00,5.7,5.7,5.7,0
7/8/2024,9:00,6.7,6.7,6.7,0
7/8/2024,10:00,7.8,7.8,7.8,0
7/8/2024,11:00,6.6,6.6,6.6,0
7/8/2024,12:00,6.8,6.8,6.8,0
7/8/2024,13:00,7.2,7.2,7.2,0
7/8/2024,14:00,7.4,7.4,7.4,0
7/8/2024,15:00,7.8,7.8,7.8,0
7/8/2024,16:00,7.8,7.8,7.8,0
7/8/2024,17:00,7.7,7.7,7.7,0
7/8/2024,18:00,6.7,6.7,6.7,0
7/8/2024,19:00,5.6,5.6,5.6,0
7/8/2024,20:00,4.8,4.8,4.8,0
7/8/2024,21:00,5,5,5,0
7/8/2024,22:00,6.8,6.8,6.8,0
7/8/2024,23:00,9.1,9.1,9.1,0
7/9/2024,0:00,9.3,9.3,9.3,0
7/9/2024,1:00,10.9,10.9,10.9,0
7/9/2024,2:00,13.6,13.6,13.6,0
7/9/2024,3:00,17.9,17.9,17.9,0
7/9/2024,4:00,16.8,16.8,16.8,0
7/9/2024,5:00,19.1,19.1,19.1,0
7/9/2024,6:00,18.9,18.9,18.9,0
7/9/2024,7:00,17.8,17.8,17.8,0
7/9/2024,8:00,14.9,14.9,14.9,0
7/9/2024,9:00,13.3,13.3,13.3,0
7/9/2024,10:00,12.5,12.5,12.5,0
7/9/2024,11:00,12.5,12.5,12.5,0
7/9/2024,12:00,11.8,11.8,11.8,0
7/9/2024,13:00,10.6,10.6,10.6,0
7/9/2024,14:00,9.5,9.5,9.5,0
7/9/2024,15:00,7,7,7,0
7/9/2024,16:00,6,6,6,0
7/9/2024,17:00,4.5,4.5,4.5,0
7/9/2024,18:00,4.5,4.5,4.5,0
7/9/2024,19:00,6.3,6.3,6.3,0
7/9/2024,20:00,4.7,4.7,4.7,0
7/9/2024,21:00,4.7,4.7,4.7,0
7/9/2024,22:00,6,6,6,0
7/9/2024,23:00,6.7,6.7,6.7,0
7/10/2024,0:00,6.8,6.8,6.8,0
7/10/2024,1:00,7.9,7.9,7.9,0
7/10/2024,2:00,8.4,8.4,8.4,0
7/10/2024,3:00,9.4,9.4,9.4,0
7/10/2024,4:00,14.5,14.5,14.5,0
7/10/2024,5:00,18.4,18.4,18.4,0
7/10/2024,6:00,18,18,18,0
7/10/2024,7:00,13.4,13.4,13.4,0
7/10/2024,8:00,8.3,8.3,8.3,0
7/10/2024,9:00,8.3,8.3,8.3,0
7/10/2024,10:00,10,10,10,0
7/10/2024,11:00,17.5,17.5,17.5,0
7/10/2024,12:00,27.2,27.2,27.2,0
7/10/2024,13:00,31.4,31.4,31.4,0
7/10/2024,14:00,25.1,25.1,25.1,0
7/10/2024,15:00,22.5,22.5,22.5,0
7/10/2024,16:00,19.3,19.3,19.3,0
7/10/2024,17:00,17.4,17.4,17.4,0
7/10/2024,18:00,15.4,15.4,15.4,0
7/10/2024,19:00,10,10,10,0
7/10/2024,20:00,7.9,7.9,7.9,0
7/10/2024,21:00,8.6,8.6,8.6,0
7/10/2024,22:00,11.2,11.2,11.2,0
7/10/2024,23:00,18.2,18.2,18.2,0
7/11/2024,0:00,34.8,34.8,34.8,0
7/11/2024,1:00,31.8,31.8,31.8,0
7/11/2024,2:00,19.3,19.3,19.3,0
7/11/2024,3:00,16.4,16.4,16.4,0
7/11/2024,4:00,15,15,15,0
7/11/2024,5:00,16.4,16.4,16.4,0
7/11/2024,6:00,15.6,15.6,15.6,0
7/11/2024,7:00,17.1,17.1,17.1,0
7/11/2024,8:00,14.9,14.9,14.9,0
7/11/2024,9:00,14.6,14.6,14.6,0
7/11/2024,10:00,13.2,13.2,13.2,0
7/11/2024,11:00,21.5,21.5,21.5,0
7/11/2024,12:00,23.7,23.7,23.7,0
7/11/2024,13:00,23.1,23.1,23.1,0
7/11/2024,14:00,25.5,25.5,25.5,0
7/11/2024,15:00,20.1,20.1,20.1,0
7/11/2024,16:00,10.7,10.7,10.7,0
7/11/2024,17:00,9.7,9.7,9.7,0
7/11/2024,18:00,7.1,7.1,7.1,0
7/11/2024,19:00,5.5,5.5,5.5,0
7/11/2024,20:00,11,11,11,0
7/11/2024,21:00,9.1,9.1,9.1,0
7/11/2024,22:00,12.5,12.5,12.5,0
7/11/2024,23:00,16.8,16.8,16.8,0
7/12/2024,0:00,10.3,10.3,10.3,0
7/12/2024,1:00,14.6,14.6,14.6,0
7/12/2024,2:00,15.5,15.5,15.5,0
7/12/2024,3:00,13.3,13.3,13.3,0
7/12/2024,4:00,9.8,9.8,9.8,0
7/12/2024,5:00,7.7,7.7,7.7,0
7/12/2024,6:00,8.6,8.6,8.6,0
7/12/2024,7:00,9.4,9.4,9.4,0
7/12/2024,8:00,10.6,10.6,10.6,0
7/12/2024,9:00,10.1,10.1,10.1,0
7/12/2024,10:00,10.6,10.6,10.6,0
7/12/2024,11:00,11.6,11.6,11.6,0
7/12/2024,12:00,12.1,12.1,12.1,0
7/12/2024,13:00,14.2,14.2,14.2,0
7/12/2024,14:00,12.3,12.3,12.3,0
7/12/2024,15:00,7.4,7.4,7.4,0
7/12/2024,16:00,9.8,9.8,9.8,0
7/12/2024,17:00,11,11,11,0
7/12/2024,18:00,7,7,7,0
7/12/2024,19:00,6.7,6.7,6.7,0
7/12/2024,20:00,5.3,5.3,5.3,0
7/12/2024,21:00,5.8,5.8,5.8,0
7/12/2024,22:00,6.3,6.3,6.3,0
7/12/2024,23:00,13.7,13.7,13.7,0
7/13/2024,0:00,23.6,23.6,23.6,0
7/13/2024,1:00,27.8,27.8,27.8,0
7/13/2024,2:00,25.9,25.9,25.9,0
7/13/2024,4:00,20.8,20.8,20.8,0
7/13/2024,5:00,10.6,10.6,10.6,0
7/13/2024,6:00,14.5,14.5,14.5,0
7/13/2024,7:00,9.7,9.7,9.7,0
7/13/2024,8:00,11.8,11.8,11.8,0
7/13/2024,9:00,8.5,8.5,8.5,0
7/13/2024,10:00,7.3,7.3,7.3,0
7/13/2024,11:00,7.1,7.1,7.1,0
7/13/2024,12:00,8.7,8.7,8.7,0
7/13/2024,13:00,8.3,8.3,8.3,0
7/13/2024,14:00,9.6,9.6,9.6,0
7/13/2024,15:00,10.5,10.5,10.5,0
7/13/2024,16:00,14.8,14.8,14.8,0
7/13/2024,17:00,15.7,15.7,15.7,0
7/13/2024,18:00,17.6,17.6,17.6,0
7/13/2024,19:00,15.2,15.2,15.2,0
7/13/2024,20:00,12.8,12.8,12.8,0
7/13/2024,21:00,11.2,11.2,11.2,0
7/13/2024,22:00,11.3,11.3,11.3,0
7/13/2024,23:00,13.8,13.8,13.8,0
7/14/2024,0:00,17.5,17.5,17.5,0
7/14/2024,1:00,17.8,17.8,17.8,0
7/14/2024,2:00,14.6,14.6,14.6,0
7/14/2024,3:00,13,13,13,0
7/14/2024,4:00,12.9,12.9,12.9,0
7/14/2024,5:00,10.7,10.7,10.7,0
7/14/2024,6:00,10.8,10.8,10.8,0
7/14/2024,7:00,11,11,11,0
7/14/2024,8:00,9.5,9.5,9.5,0
7/14/2024,9:00,10.1,10.1,10.1,0
7/14/2024,10:00,11.4,11.4,11.4,0
7/14/2024,11:00,12.8,12.8,12.8,0
7/14/2024,12:00,12.7,12.7,12.7,0
7/14/2024,13:00,9.4,9.4,9.4,0
7/14/2024,14:00,6.9,6.9,6.9,0
7/14/2024,15:00,6.5,6.5,6.5,0
7/14/2024,16:00,8.7,8.7,8.7,0
7/14/2024,17:00,8.5,8.5,8.5,0
7/14/2024,18:00,8.3,8.3,8.3,0
7/14/2024,19:00,7.4,7.4,7.4,0
7/14/2024,20:00,9.6,9.6,9.6,0
7/14/2024,21:00,11,11,11,0
7/14/2024,22:00,13.4,13.4,13.4,0
7/14/2024,23:00,19.3,19.3,19.3,0
7/15/2024,5:00,20.6,20.6,20.6,0
7/15/2024,6:00,17.9,17.9,17.9,0
7/15/2024,7:00,14.4,14.4,14.4,0
7/15/2024,8:00,14.7,14.7,14.7,0
7/15/2024,9:00,10.8,10.8,10.8,0
7/15/2024,10:00,8.1,8.1,8.1,0
7/15/2024,11:00,6.7,6.7,6.7,0
7/15/2024,12:00,6.7,6.7,6.7,0
7/15/2024,13:00,9.3,9.3,9.3,0
7/15/2024,14:00,8,8,8,0
7/15/2024,15:00,4.9,4.9,4.9,0
7/15/2024,16:00,6.2,6.2,6.2,0
7/15/2024,17:00,6.8,6.8,6.8,0
7/15/2024,18:00,7.3,7.3,7.3,0
7/15/2024,19:00,6.3,6.3,6.3,0
7/15/2024,20:00,5.8,5.8,5.8,0
7/15/2024,21:00,5.2,5.2,5.2,0
7/15/2024,22:00,13.2,13.2,13.2,0
7/15/2024,23:00,16.5,16.5,16.5,0
7/16/2024,0:00,11.7,11.7,11.7,0
7/16/2024,1:00,11.7,11.7,11.7,0
7/16/2024,2:00,12.6,12.6,12.6,0
7/16/2024,3:00,11,11,11,0
7/16/2024,4:00,10,10,10,0
7/16/2024,5:00,9.2,9.2,9.2,0
7/16/2024,6:00,9.3,9.3,9.3,0
7/16/2024,7:00,6.9,6.9,6.9,0
7/16/2024,8:00,7.4,7.4,7.4,0
7/16/2024,9:00,7.6,7.6,7.6,0
7/16/2024,10:00,10.3,10.3,10.3,0
7/16/2024,11:00,18.7,18.7,18.7,0
7/16/2024,12:00,16,16,16,0
7/16/2024,13:00,19.7,19.7,19.7,0
7/16/2024,14:00,22.7,22.7,22.7,0
7/16/2024,16:00,34.5,34.5,34.5,0
7/16/2024,17:00,29.7,29.7,29.7,0
7/16/2024,18:00,21.1,21.1,21.1,0
7/16/2024,19:00,17.3,17.3,17.3,0
7/16/2024,20:00,23.4,23.4,23.4,0
7/16/2024,21:00,24.5,24.5,24.5,0
7/16/2024,22:00,16.2,16.2,16.2,0
7/16/2024,23:00,22.2,22.2,22.2,0
7/17/2024,0:00,25.5,25.5,25.5,0
7/17/2024,1:00,25.3,25.3,25.3,0
7/17/2024,2:00,20.3,20.3,20.3,0
7/17/2024,3:00,20.2,20.2,20.2,0
7/17/2024,4:00,19.5,19.5,19.5,0
7/17/2024,5:00,20.1,20.1,20.1,0
7/17/2024,6:00,22.6,22.6,22.6,0
7/17/2024,7:00,18.5,18.5,18.5,0
7/17/2024,8:00,10.6,10.6,10.6,0
7/17/2024,9:00,9.9,9.9,9.9,0
7/17/2024,10:00,10.8,10.8,10.8,0
7/17/2024,11:00,11.2,11.2,11.2,0
7/17/2024,12:00,19.1,19.1,19.1,0
7/17/2024,13:00,16.5,16.5,16.5,0
7/17/2024,14:00,14,14,14,0
7/17/2024,15:00,14.3,14.3,14.3,0
7/17/2024,16:00,16.1,16.1,16.1,0
7/17/2024,17:00,14.7,14.7,14.7,0
7/17/2024,18:00,11.4,11.4,11.4,0
7/17/2024,19:00,11.7,11.7,11.7,0
7/17/2024,20:00,12.4,12.4,12.4,0
7/17/2024,21:00,10.7,10.7,10.7,0
7/17/2024,22:00,13.3,13.3,13.3,0
7/17/2024,23:00,19.8,19.8,19.8,0
7/18/2024,0:00,23.5,23.5,23.5,0
7/18/2024,1:00,33.3,33.3,33.3,0
7/18/2024,2:00,35.7,35.7,35.7,0
7/18/2024,3:00,44.5,44.5,44.5,0
7/18/2024,4:00,48.9,48.9,48.9,0
7/18/2024,5:00,38.2,38.2,38.2,0
7/18/2024,6:00,29.4,29.4,29.4,0
7/18/2024,7:00,20.1,20.1,20.1,0
7/18/2024,8:00,16.9,16.9,16.9,0
7/18/2024,9:00,15.8,15.8,15.8,0
7/18/2024,10:00,15.7,15.7,15.7,0
7/18/2024,11:00,16.5,16.5,16.5,0
7/18/2024,12:00,17.2,17.2,17.2,0
7/18/2024,13:00,15.8,15.8,15.8,0
7/18/2024,14:00,11.9,11.9,11.9,0
7/18/2024,15:00,12.9,12.9,12.9,0
7/18/2024,16:00,12.5,12.5,12.5,0
7/18/2024,17:00,11.5,11.5,11.5,0
7/18/2024,18:00,11,11,11,0
7/18/2024,19:00,12.5,12.5,12.5,0
7/18/2024,20:00,12.6,12.6,12.6,0
7/18/2024,21:00,13,13,13,0
7/18/2024,22:00,17.5,17.5,17.5,0
7/18/2024,23:00,20.6,20.6,20.6,0
7/19/2024,0:00,23.3,23.3,23.3,0
7/19/2024,1:00,19.3,19.3,19.3,0
7/19/2024,2:00,18.3,18.3,18.3,0
7/19/2024,3:00,19.3,19.3,19.3,0
7/19/2024,4:00,18,18,18,0
7/19/2024,9:00,12.9,12.9,12.9,0
7/19/2024,10:00,12.8,12.8,12.8,0
7/19/2024,11:00,14,14,14,0
7/19/2024,12:00,16.4,16.4,16.4,0
7/19/2024,13:00,17.7,17.7,17.7,0
7/19/2024,14:00,15.4,15.4,15.4,0
7/19/2024,15:00,14.8,14.8,14.8,0
7/19/2024,16:00,14.4,14.4,14.4,0
7/19/2024,17:00,13.9,13.9,13.9,0
7/19/2024,18:00,13.8,13.8,13.8,0
7/19/2024,19:00,19,19,19,0
7/19/2024,20:00,33.6,33.6,33.6,0
7/19/2024,21:00,23.1,23.1,23.1,0
7/19/2024,22:00,27.4,27.4,27.4,0
7/19/2024,23:00,39.9,39.9,39.9,0
7/20/2024,0:00,52.2,52.2,52.2,0
7/20/2024,1:00,46.4,46.4,46.4,0
7/20/2024,2:00,50.4,50.4,50.4,0
7/20/2024,3:00,50.1,50.1,50.1,0
7/20/2024,4:00,51.6,51.6,51.6,0
7/20/2024,5:00,45.2,45.2,45.2,0
7/20/2024,6:00,40,40,40,0
7/20/2024,7:00,30.5,30.5,30.5,0
7/20/2024,8:00,24,24,24,0
7/20/2024,9:00,20.5,20.5,20.5,0
7/20/2024,10:00,20.7,20.7,20.7,0
7/20/2024,11:00,20.9,20.9,20.9,0
7/20/2024,12:00,21.7,21.7,21.7,0
7/20/2024,23:00,39.6,39.6,39.6,0
7/21/2024,0:00,50.2,50.2,50.2,0
7/21/2024,1:00,43.3,43.3,43.3,0
7/21/2024,2:00,47,47,47,0
7/21/2024,3:00,40.2,40.2,40.2,0
7/21/2024,4:00,34.9,34.9,34.9,0
7/21/2024,5:00,35.1,35.1,35.1,0
7/21/2024,6:00,30.3,30.3,30.3,0
7/21/2024,7:00,24.8,24.8,24.8,0
7/21/2024,8:00,21.6,21.6,21.6,0
7/21/2024,9:00,20.3,20.3,20.3,0
7/21/2024,10:00,20.1,20.1,20.1,0
7/21/2024,11:00,20,20,20,0
7/21/2024,12:00,22.4,22.4,22.4,0
7/21/2024,13:00,19,19,19,0
7/21/2024,14:00,16.7,16.7,16.7,0
7/21/2024,15:00,17.1,17.1,17.1,0
7/21/2024,16:00,16.5,16.5,16.5,0
7/21/2024,17:00,16,16,16,0
7/21/2024,18:00,16.2,16.2,16.2,0
7/21/2024,19:00,17,17,17,0
7/21/2024,20:00,16.7,16.7,16.7,0
7/21/2024,21:00,16.2,16.2,16.2,0
7/21/2024,22:00,22.3,22.3,22.3,0
7/21/2024,23:00,47.4,47.4,47.4,0
7/22/2024,0:00,63.6,63.6,63.6,0
7/22/2024,1:00,52.4,52.4,52.4,0
7/22/2024,2:00,43,43,43,0
7/22/2024,3:00,41.2,41.2,41.2,0
7/22/2024,4:00,38.2,38.2,38.2,0
7/22/2024,5:00,36.3,36.3,36.3,0
7/22/2024,6:00,31.9,31.9,31.9,0
7/22/2024,7:00,25.6,25.6,25.6,0
7/22/2024,8:00,31.5,31.5,31.5,0
7/22/2024,9:00,33.7,33.7,33.7,0
7/22/2024,10:00,27.7,27.7,27.7,0
7/22/2024,11:00,21.3,21.3,21.3,0
7/22/2024,12:00,19.2,19.2,19.2,0
7/22/2024,13:00,20.6,20.6,20.6,0
7/22/2024,14:00,27.6,27.6,27.6,0
7/22/2024,15:00,30.3,30.3,30.3,0
7/22/2024,16:00,29.8,29.8,29.8,0
7/22/2024,17:00,26.4,26.4,26.4,0
7/22/2024,18:00,26.4,26.4,26.4,0
7/22/2024,19:00,29,29,29,0
7/22/2024,20:00,31.1,31.1,31.1,0
7/22/2024,21:00,29.7,29.7,29.7,0
7/22/2024,22:00,29,29,29,0
7/22/2024,23:00,32,32,32,0
7/23/2024,0:00,46.6,46.6,46.6,0
7/23/2024,1:00,47.8,47.8,47.8,0
7/23/2024,2:00,50.3,50.3,50.3,0
7/23/2024,3:00,41.5,41.5,41.5,0
7/23/2024,4:00,44.6,44.6,44.6,0
7/23/2024,5:00,44.5,44.5,44.5,0
7/23/2024,6:00,41.9,41.9,41.9,0
7/23/2024,7:00,34.7,34.7,34.7,0
7/23/2024,8:00,30.8,30.8,30.8,0
7/23/2024,9:00,31,31,31,0
7/23/2024,10:00,32,32,32,0
7/23/2024,11:00,30.1,30.1,30.1,0
7/23/2024,12:00,30.2,30.2,30.2,0
7/23/2024,13:00,27.6,27.6,27.6,0
7/23/2024,14:00,23.6,23.6,23.6,0
7/23/2024,15:00,21,21,21,0
7/23/2024,16:00,26.7,26.7,26.7,0
7/23/2024,17:00,20.8,20.8,20.8,0
7/23/2024,18:00,17.3,17.3,17.3,0
7/23/2024,19:00,16.7,16.7,16.7,0
7/23/2024,20:00,17.1,17.1,17.1,0
7/23/2024,21:00,18.7,18.7,18.7,0
7/23/2024,22:00,27.5,27.5,27.5,0
7/23/2024,23:00,40,40,40,0
7/24/2024,0:00,51.9,51.9,51.9,0
7/24/2024,1:00,43.2,43.2,43.2,0
7/24/2024,2:00,43.2,43.2,43.2,0
7/24/2024,3:00,40.7,40.7,40.7,0
7/24/2024,4:00,35.8,35.8,35.8,0
7/24/2024,5:00,27.6,27.6,27.6,0
7/24/2024,6:00,24.8,24.8,24.8,0
7/24/2024,7:00,21.9,21.9,21.9,0
7/24/2024,8:00,20.3,20.3,20.3,0
7/24/2024,9:00,19.3,19.3,19.3,0
7/24/2024,10:00,19.8,19.8,19.8,0
7/24/2024,11:00,23.6,23.6,23.6,0
7/24/2024,12:00,25.4,25.4,25.4,0
7/24/2024,13:00,20.6,20.6,20.6,0
7/24/2024,14:00,20.1,20.1,20.1,0
7/24/2024,15:00,20.4,20.4,20.4,0
7/24/2024,16:00,18.3,18.3,18.3,0
7/24/2024,17:00,16.5,16.5,16.5,0
7/24/2024,18:00,16.3,16.3,16.3,0
7/24/2024,19:00,16.8,16.8,16.8,0
7/24/2024,20:00,19,19,19,0
7/24/2024,21:00,19.3,19.3,19.3,0
7/24/2024,22:00,29.6,29.6,29.6,0
7/24/2024,23:00,55.9,55.9,55.9,0
7/25/2024,0:00,70,70,70,0
7/25/2024,1:00,74.1,74.1,74.1,0
7/25/2024,2:00,61,61,61,0
7/25/2024,3:00,57,57,57,0
7/25/2024,4:00,51.3,51.3,51.3,0
7/25/2024,5:00,34.3,34.3,34.3,0
7/25/2024,6:00,31.4,31.4,31.4,0
7/25/2024,7:00,34.8,34.8,34.8,0
7/25/2024,8:00,33.5,33.5,33.5,0
7/25/2024,9:00,32.5,32.5,32.5,0
7/25/2024,10:00,32.1,32.1,32.1,0
7/25/2024,11:00,47.7,47.7,47.7,0
7/25/2024,12:00,52.5,52.5,52.5,0
7/25/2024,13:00,49.1,49.1,49.1,0
7/25/2024,14:00,50.9,50.9,50.9,0
7/25/2024,15:00,59.4,59.4,59.4,0
7/25/2024,16:00,46.9,46.9,46.9,0
7/25/2024,17:00,29.7,29.7,29.7,0
7/25/2024,18:00,30.2,30.2,30.2,0
7/25/2024,19:00,34.9,34.9,34.9,0
7/25/2024,20:00,39.6,39.6,39.6,0
7/25/2024,21:00,35.8,35.8,35.8,0
7/25/2024,22:00,44,44,44,0
7/26/2024,1:00,68.6,68.6,68.6,0
7/26/2024,2:00,78.3,78.3,78.3,0
7/26/2024,3:00,76.8,76.8,76.8,0
7/26/2024,4:00,64.7,64.7,64.7,0
7/26/2024,5:00,71.2,71.2,71.2,0
7/26/2024,6:00,71.1,71.1,71.1,0
7/26/2024,7:00,66.4,66.4,66.4,0
7/26/2024,8:00,46.9,46.9,46.9,0
7/26/2024,9:00,40.5,40.5,40.5,0
7/26/2024,10:00,35,35,35,0
7/26/2024,11:00,43.9,43.9,43.9,0
7/26/2024,12:00,36.8,36.8,36.8,0
7/26/2024,13:00,32.9,32.9,32.9,0
7/26/2024,14:00,30.3,30.3,30.3,0
7/26/2024,15:00,28.9,28.9,28.9,0
7/26/2024,16:00,27.8,27.8,27.8,0
7/26/2024,17:00,30.1,30.1,30.1,0
7/26/2024,18:00,30.1,30.1,30.1,0
7/26/2024,19:00,34.8,34.8,34.8,0
7/26/2024,20:00,32.6,32.6,32.6,0
7/26/2024,21:00,30.2,30.2,30.2,0
7/26/2024,22:00,33.3,33.3,33.3,0
7/26/2024,23:00,43.8,43.8,43.8,0
7/27/2024,0:00,57.6,57.6,57.6,0
7/27/2024,1:00,80,80,80,0
7/27/2024,2:00,114.9,114.9,114.9,0
7/27/2024,3:00,100.1,100.1,100.1,0
7/27/2024,5:00,172.3,172.3,172.3,0
7/27/2024,6:00,150.8,150.8,150.8,0
7/27/2024,7:00,139,139,139,0
7/27/2024,8:00,100.4,100.4,100.4,0
7/27/2024,9:00,102.9,102.9,102.9,0
7/27/2024,10:00,80.2,80.2,80.2,0
7/27/2024,11:00,70.8,70.8,70.8,0
7/27/2024,12:00,48.8,48.8,48.8,0
7/27/2024,13:00,41.6,41.6,41.6,0
7/27/2024,14:00,38,38,38,0
7/27/2024,15:00,37.5,37.5,37.5,0
7/27/2024,16:00,29.7,29.7,29.7,0
7/27/2024,17:00,22.8,22.8,22.8,0
7/27/2024,18:00,22.3,22.3,22.3,0
7/27/2024,19:00,19.4,19.4,19.4,0
7/27/2024,20:00,24.4,24.4,24.4,0
7/27/2024,21:00,24.5,24.5,24.5,0
7/27/2024,22:00,27.5,27.5,27.5,0
7/27/2024,23:00,32.7,32.7,32.7,0
7/28/2024,0:00,33.2,33.2,33.2,0
7/28/2024,1:00,34.3,34.3,34.3,0
7/28/2024,2:00,30.6,30.6,30.6,0
7/28/2024,3:00,31,31,31,0
7/28/2024,4:00,26.8,26.8,26.8,0
7/28/2024,5:00,26.4,26.4,26.4,0
7/28/2024,6:00,25.3,25.3,25.3,0
7/28/2024,7:00,22.3,22.3,22.3,0
7/28/2024,8:00,22.2,22.2,22.2,0
7/28/2024,9:00,20.4,20.4,20.4,0
7/28/2024,10:00,20.2,20.2,20.2,0
7/28/2024,11:00,20.6,20.6,20.6,0
7/28/2024,12:00,22.9,22.9,22.9,0
7/28/2024,13:00,27.3,27.3,27.3,0
7/28/2024,14:00,26.3,26.3,26.3,0
7/28/2024,15:00,27.6,27.6,27.6,0
7/28/2024,16:00,36.2,36.2,36.2,0
7/28/2024,17:00,34.9,34.9,34.9,0
7/28/2024,18:00,34,34,34,0
7/28/2024,19:00,27.9,27.9,27.9,0
7/28/2024,20:00,24.7,24.7,24.7,0
7/28/2024,21:00,24.7,24.7,24.7,0
7/28/2024,22:00,25.7,25.7,25.7,0
7/28/2024,23:00,32.9,32.9,32.9,0
7/29/2024,0:00,37.7,37.7,37.7,0
7/29/2024,1:00,27,27,27,0
7/29/2024,2:00,25.8,25.8,25.8,0
7/29/2024,3:00,24.1,24.1,24.1,0
7/29/2024,4:00,22.3,22.3,22.3,0
7/29/2024,5:00,21,21,21,0
7/29/2024,6:00,19.3,19.3,19.3,0
7/29/2024,7:00,18.2,18.2,18.2,0
7/29/2024,8:00,18.6,18.6,18.6,0
7/29/2024,9:00,16.9,16.9,16.9,0
7/29/2024,10:00,10.3,10.3,10.3,0
7/29/2024,11:00,5.1,5.1,5.1,0
7/29/2024,12:00,5.7,5.7,5.7,0
7/29/2024,13:00,5.4,5.4,5.4,0
7/29/2024,14:00,4.8,4.8,4.8,0
7/29/2024,15:00,5.8,5.8,5.8,0
7/29/2024,16:00,6.3,6.3,6.3,0
7/29/2024,17:00,5.5,5.5,5.5,0
7/29/2024,18:00,5.2,5.2,5.2,0
7/29/2024,19:00,5.8,5.8,5.8,0
7/29/2024,20:00,5.7,5.7,5.7,0
7/29/2024,21:00,5.4,5.4,5.4,0
7/29/2024,22:00,5.9,5.9,5.9,0
7/29/2024,23:00,5.3,5.3,5.3,0
7/30/2024,0:00,5.1,5.1,5.1,0
7/30/2024,1:00,5.8,5.8,5.8,0
7/30/2024,2:00,6,6,6,0
7/30/2024,3:00,6.2,6.2,6.2,0
7/30/2024,4:00,7.6,7.6,7.6,0
7/30/2024,5:00,9.7,9.7,9.7,0
7/30/2024,6:00,7.3,7.3,7.3,0
7/30/2024,7:00,6.2,6.2,6.2,0
7/30/2024,8:00,6,6,6,0
7/30/2024,9:00,5.9,5.9,5.9,0
7/30/2024,10:00,5.7,5.7,5.7,0
7/30/2024,11:00,6.4,6.4,6.4,0
7/30/2024,12:00,8.8,8.8,8.8,0
7/30/2024,13:00,10.1,10.1,10.1,0
7/30/2024,14:00,8.2,8.2,8.2,0
7/30/2024,15:00,9.7,9.7,9.7,0
7/30/2024,16:00,13.3,13.3,13.3,0
7/30/2024,17:00,18.7,18.7,18.7,0
7/30/2024,18:00,17.5,17.5,17.5,0
7/30/2024,19:00,20.3,20.3,20.3,0
7/30/2024,20:00,20.9,20.9,20.9,0
7/30/2024,21:00,21.7,21.7,21.7,0
7/30/2024,22:00,17.5,17.5,17.5,0
7/30/2024,23:00,15.5,15.5,15.5,0
7/31/2024,0:00,12.5,12.5,12.5,0
7/31/2024,1:00,11.5,11.5,11.5,0
7/31/2024,2:00,15,15,15,0
7/31/2024,3:00,15.6,15.6,15.6,0
7/31/2024,4:00,15.6,15.6,15.6,0
7/31/2024,5:00,17.2,17.2,17.2,0
7/31/2024,6:00,15.3,15.3,15.3,0
7/31/2024,7:00,15.6,15.6,15.6,0
7/31/2024,8:00,15.2,15.2,15.2,0
7/31/2024,9:00,18.4,18.4,18.4,0
7/31/2024,10:00,19.7,19.7,19.7,0
7/31/2024,11:00,16.7,16.7,16.7,0
7/31/2024,12:00,13.5,13.5,13.5,0
7/31/2024,13:00,11.6,11.6,11.6,0
7/31/2024,14:00,10.4,10.4,10.4,0
7/31/2024,15:00,10.9,10.9,10.9,0
7/31/2024,16:00,12.1,12.1,12.1,0
7/31/2024,17:00,12,12,12,0
7/31/2024,18:00,13.2,13.2,13.2,0
7/31/2024,19:00,13.4,13.4,13.4,0
7/31/2024,20:00,13.9,13.9,13.9,0
7/31/2024,21:00,15,15,15,0
7/31/2024,22:00,16.3,16.3,16.3,0
7/31/2024,23:00,17.1,17.1,17.1,0
8/1/2024,0:00,18.1,18.1,18.1,0
8/1/2024,1:00,17.6,17.6,17.6,0
8/1/2024,2:00,14.6,14.6,14.6,0
8/1/2024,3:00,13.6,13.6,13.6,0
8/1/2024,4:00,12.9,12.9,12.9,0
8/1/2024,5:00,12.5,12.5,12.5,0
8/1/2024,7:00,11.9,11.9,11.9,0
8/1/2024,8:00,12,12,12,0
8/1/2024,9:00,12,12,12,0
8/1/2024,10:00,12.4,12.4,12.4,0
8/1/2024,11:00,13.4,13.4,13.4,0
8/1/2024,12:00,14.7,14.7,14.7,0
8/1/2024,13:00,16.6,16.6,16.6,0
8/1/2024,14:00,17.9,17.9,17.9,0
8/1/2024,15:00,18.7,18.7,18.7,0
8/1/2024,16:00,19.5,19.5,19.5,0
8/1/2024,17:00,23.1,23.1,23.1,0
8/1/2024,18:00,25.2,25.2,25.2,0
8/1/2024,19:00,26.7,26.7,26.7,0
8/1/2024,20:00,19.2,19.2,19.2,0
8/1/2024,21:00,21.6,21.6,21.6,0
8/1/2024,22:00,40.9,40.9,40.9,0
8/1/2024,23:00,31.4,31.4,31.4,0
8/2/2024,0:00,34.4,34.4,34.4,0
8/2/2024,1:00,31.8,31.8,31.8,0
8/2/2024,2:00,23.3,23.3,23.3,0
8/2/2024,3:00,20.7,20.7,20.7,0
8/2/2024,4:00,26.8,26.8,26.8,0
8/2/2024,6:00,27.9,27.9,27.9,0
8/2/2024,7:00,25.7,25.7,25.7,0
8/2/2024,8:00,22.9,22.9,22.9,0
8/2/2024,9:00,19.8,19.8,19.8,0
8/2/2024,10:00,16.7,16.7,16.7,0
8/2/2024,11:00,20.3,20.3,20.3,0
8/2/2024,12:00,22.6,22.6,22.6,0
8/2/2024,13:00,23.2,23.2,23.2,0
8/2/2024,14:00,25.5,25.5,25.5,0
8/2/2024,15:00,28,28,28,0
8/2/2024,16:00,35.8,35.8,35.8,0
8/2/2024,17:00,43.4,43.4,43.4,0
8/2/2024,18:00,37.5,37.5,37.5,0
8/2/2024,19:00,28.5,28.5,28.5,0
8/2/2024,20:00,26.9,26.9,26.9,0
8/2/2024,21:00,34.9,34.9,34.9,0
8/2/2024,22:00,39.9,39.9,39.9,0
8/2/2024,23:00,62.4,62.4,62.4,0
8/3/2024,0:00,66.7,66.7,66.7,0
8/3/2024,1:00,79,79,79,0
8/3/2024,2:00,70.7,70.7,70.7,0
8/3/2024,3:00,84.7,84.7,84.7,0
8/3/2024,4:00,73.4,73.4,73.4,0
8/3/2024,5:00,42,42,42,0
8/3/2024,6:00,32.7,32.7,32.7,0
8/3/2024,7:00,27.7,27.7,27.7,0
8/3/2024,8:00,25.2,25.2,25.2,0
8/3/2024,9:00,20.7,20.7,20.7,0
8/3/2024,10:00,19.2,19.2,19.2,0
8/3/2024,11:00,19.6,19.6,19.6,0
8/3/2024,12:00,19.3,19.3,19.3,0
8/3/2024,13:00,20.5,20.5,20.5,0
8/3/2024,14:00,32.1,32.1,32.1,0
8/3/2024,15:00,61.1,61.1,61.1,0
8/3/2024,16:00,93,93,93,0
8/3/2024,17:00,107.8,107.8,107.8,0
8/3/2024,18:00,124.2,124.2,124.2,0
8/3/2024,19:00,125,125,125,0
8/3/2024,20:00,117.5,117.5,117.5,0
8/3/2024,21:00,123.1,123.1,123.1,0
8/3/2024,22:00,138.3,138.3,138.3,0
8/3/2024,23:00,160.9,160.9,160.9,0
8/4/2024,3:00,170.8,170.8,170.8,0
8/4/2024,4:00,156.1,156.1,156.1,0
8/4/2024,6:00,104.2,104.2,104.2,0
8/4/2024,7:00,105.6,105.6,105.6,0
8/4/2024,8:00,95.7,95.7,95.7,0
8/4/2024,9:00,88.3,88.3,88.3,0
8/4/2024,10:00,82.9,82.9,82.9,0
8/4/2024,11:00,67.8,67.8,67.8,0
8/4/2024,12:00,76.9,76.9,76.9,0
8/4/2024,13:00,77.1,77.1,77.1,0
8/4/2024,14:00,73.1,73.1,73.1,0
8/4/2024,15:00,58.8,58.8,58.8,0
8/4/2024,16:00,48.8,48.8,48.8,0
8/4/2024,17:00,36.5,36.5,36.5,0
8/4/2024,18:00,39.4,39.4,39.4,0
8/4/2024,19:00,45.3,45.3,45.3,0
8/4/2024,20:00,54.4,54.4,54.4,0
8/4/2024,21:00,53.3,53.3,53.3,0
8/4/2024,22:00,57.3,57.3,57.3,0
8/4/2024,23:00,65.2,65.2,65.2,0
8/5/2024,0:00,75,75,75,0
8/5/2024,1:00,71.5,71.5,71.5,0
8/5/2024,2:00,64.7,64.7,64.7,0
8/5/2024,3:00,48.6,48.6,48.6,0
8/5/2024,4:00,41.3,41.3,41.3,0
8/5/2024,5:00,54.5,54.5,54.5,0
8/5/2024,6:00,63.5,63.5,63.5,0
8/5/2024,7:00,64.8,64.8,64.8,0
8/5/2024,8:00,53.9,53.9,53.9,0
8/5/2024,9:00,42.9,42.9,42.9,0
8/5/2024,10:00,40.3,40.3,40.3,0
8/5/2024,11:00,39.7,39.7,39.7,0
8/5/2024,12:00,53.6,53.6,53.6,0
8/5/2024,13:00,65.3,65.3,65.3,0
8/5/2024,14:00,45.8,45.8,45.8,0
8/5/2024,15:00,33.7,33.7,33.7,0
8/5/2024,16:00,45.1,45.1,45.1,0
8/5/2024,17:00,61.7,61.7,61.7,0
8/5/2024,19:00,51.2,51.2,51.2,0
8/5/2024,20:00,53.5,53.5,53.5,0
8/5/2024,21:00,41.5,41.5,41.5,0
8/5/2024,22:00,29.4,29.4,29.4,0
8/5/2024,23:00,26.3,26.3,26.3,0
8/6/2024,0:00,25.6,25.6,25.6,0
8/6/2024,1:00,25.5,25.5,25.5,0
8/6/2024,2:00,23.8,23.8,23.8,0
8/6/2024,3:00,23.2,23.2,23.2,0
8/6/2024,4:00,22.5,22.5,22.5,0
8/6/2024,5:00,23,23,23,0
8/6/2024,6:00,23.9,23.9,23.9,0
8/6/2024,7:00,23.9,23.9,23.9,0
8/6/2024,8:00,42.6,42.6,42.6,0
8/6/2024,9:00,65.2,65.2,65.2,0
8/6/2024,10:00,41.5,41.5,41.5,0
8/6/2024,11:00,28.1,28.1,28.1,0
8/6/2024,12:00,24.3,24.3,24.3,0
8/6/2024,13:00,24.4,24.4,24.4,0
8/6/2024,14:00,25.1,25.1,25.1,0
8/6/2024,15:00,33.6,33.6,33.6,0
8/6/2024,16:00,42,42,42,0
8/6/2024,17:00,47.4,47.4,47.4,0
8/6/2024,18:00,53.3,53.3,53.3,0
8/6/2024,19:00,62.9,62.9,62.9,0
8/6/2024,20:00,74.1,74.1,74.1,0
8/6/2024,21:00,87,87,87,0
8/6/2024,22:00,89.2,89.2,89.2,0
8/6/2024,23:00,83.8,83.8,83.8,0
8/7/2024,0:00,99.6,99.6,99.6,0
8/7/2024,1:00,84.4,84.4,84.4,0
8/7/2024,2:00,77.1,77.1,77.1,0
8/7/2024,3:00,80.2,80.2,80.2,0
8/7/2024,4:00,90,90,90,0
8/7/2024,5:00,99.6,99.6,99.6,0
8/7/2024,6:00,121.6,121.6,121.6,0
8/7/2024,7:00,143.8,143.8,143.8,0
8/7/2024,8:00,121.8,121.8,121.8,0
8/7/2024,10:00,49.6,49.6,49.6,0
8/7/2024,11:00,49,49,49,0
8/7/2024,12:00,48.3,48.3,48.3,0
8/7/2024,13:00,40.2,40.2,40.2,0
8/7/2024,14:00,11.5,11.5,11.5,0
8/7/2024,15:00,10.5,10.5,10.5,0
8/7/2024,16:00,14.9,14.9,14.9,0
8/7/2024,17:00,13.5,13.5,13.5,0
8/7/2024,18:00,14.9,14.9,14.9,0
8/7/2024,19:00,9.1,9.1,9.1,0
8/7/2024,20:00,5.9,5.9,5.9,0
8/7/2024,21:00,5.5,5.5,5.5,0
8/7/2024,22:00,7,7,7,0
8/7/2024,23:00,3.9,3.9,3.9,0
8/8/2024,0:00,2.8,2.8,2.8,0
8/8/2024,1:00,3,3,3,0
8/8/2024,2:00,2.8,2.8,2.8,0
8/8/2024,3:00,2.6,2.6,2.6,0
8/8/2024,4:00,4.2,4.2,4.2,0
8/8/2024,5:00,4,4,4,0
8/8/2024,6:00,3.7,3.7,3.7,0
8/8/2024,7:00,5,5,5,0
8/8/2024,8:00,6.1,6.1,6.1,0
8/8/2024,9:00,5.7,5.7,5.7,0
8/8/2024,10:00,4.6,4.6,4.6,0
8/8/2024,11:00,4.4,4.4,4.4,0
8/8/2024,12:00,5.1,5.1,5.1,0
8/8/2024,13:00,5,5,5,0
8/8/2024,14:00,5,5,5,0
8/8/2024,15:00,4.5,4.5,4.5,0
8/8/2024,16:00,4.2,4.2,4.2,0
8/8/2024,17:00,3.7,3.7,3.7,0
8/8/2024,18:00,4,4,4,0
8/8/2024,19:00,4.6,4.6,4.6,0
8/8/2024,20:00,5.1,5.1,5.1,0
8/8/2024,21:00,5.2,5.2,5.2,0
8/8/2024,22:00,5.4,5.4,5.4,0
8/8/2024,23:00,7.2,7.2,7.2,0
8/9/2024,0:00,5.8,5.8,5.8,0
8/9/2024,1:00,6.3,6.3,6.3,0
8/9/2024,2:00,10.2,10.2,10.2,0
8/9/2024,3:00,9.4,9.4,9.4,0
8/9/2024,4:00,9.4,9.4,9.4,0
8/9/2024,5:00,12.7,12.7,12.7,0
8/9/2024,6:00,16.2,16.2,16.2,0
8/9/2024,7:00,19.1,19.1,19.1,0
8/9/2024,8:00,21.2,21.2,21.2,0
8/9/2024,9:00,19.9,19.9,19.9,0
8/9/2024,10:00,20.6,20.6,20.6,0
8/9/2024,11:00,24.3,24.3,24.3,0
8/9/2024,12:00,22,22,22,0
8/9/2024,13:00,12.1,12.1,12.1,0
8/9/2024,14:00,5.3,5.3,5.3,0
8/9/2024,16:00,4.1,4.1,4.1,0
8/9/2024,17:00,3.3,3.3,3.3,0
8/9/2024,18:00,2.8,2.8,2.8,0
8/9/2024,19:00,4,4,4,0
8/9/2024,20:00,9.2,9.2,9.2,0
8/9/2024,21:00,14.8,14.8,14.8,0
8/9/2024,22:00,11.7,11.7,11.7,0
8/9/2024,23:00,19.4,19.4,19.4,0
8/10/2024,0:00,30.4,30.4,30.4,0
8/10/2024,1:00,36.7,36.7,36.7,0
8/10/2024,2:00,44.9,44.9,44.9,0
8/10/2024,3:00,47.2,47.2,47.2,0
8/10/2024,4:00,40.6,40.6,40.6,0
8/10/2024,5:00,18.8,18.8,18.8,0
8/10/2024,6:00,30.2,30.2,30.2,0
8/10/2024,7:00,47.1,47.1,47.1,0
8/10/2024,8:00,58.4,58.4,58.4,0
8/10/2024,9:00,39.9,39.9,39.9,0
8/10/2024,10:00,36.7,36.7,36.7,0
8/10/2024,11:00,38.2,38.2,38.2,0
8/10/2024,12:00,22.1,22.1,22.1,0
8/10/2024,13:00,14.7,14.7,14.7,0
8/10/2024,14:00,12.1,12.1,12.1,0
8/10/2024,15:00,10.3,10.3,10.3,0
8/10/2024,16:00,10.6,10.6,10.6,0
8/10/2024,17:00,7.5,7.5,7.5,0
8/10/2024,18:00,7,7,7,0
8/10/2024,19:00,5.4,5.4,5.4,0
8/10/2024,20:00,5,5,5,0
8/10/2024,21:00,5.6,5.6,5.6,0
8/10/2024,22:00,9.8,9.8,9.8,0
8/10/2024,23:00,21.7,21.7,21.7,0
8/11/2024,0:00,25.9,25.9,25.9,0
8/11/2024,1:00,38.9,38.9,38.9,0
8/11/2024,2:00,44.1,44.1,44.1,0
8/11/2024,3:00,41.9,41.9,41.9,0
8/11/2024,4:00,34.6,34.6,34.6,0
8/11/2024,5:00,37.4,37.4,37.4,0
8/11/2024,6:00,30.6,30.6,30.6,0
8/11/2024,7:00,27.1,27.1,27.1,0
8/11/2024,8:00,21.8,21.8,21.8,0
8/11/2024,9:00,19.6,19.6,19.6,0
8/11/2024,10:00,18.7,18.7,18.7,0
8/11/2024,11:00,21.8,21.8,21.8,0
8/11/2024,12:00,21.3,21.3,21.3,0
8/11/2024,13:00,21.2,21.2,21.2,0
8/11/2024,14:00,13.2,13.2,13.2,0
8/11/2024,15:00,10.5,10.5,10.5,0
8/11/2024,16:00,8,8,8,0
8/11/2024,17:00,8.1,8.1,8.1,0
8/11/2024,18:00,7.2,7.2,7.2,0
8/11/2024,19:00,9.7,9.7,9.7,0
8/11/2024,20:00,12.6,12.6,12.6,0
8/11/2024,21:00,9.7,9.7,9.7,0
8/11/2024,22:00,12.8,12.8,12.8,0
8/11/2024,23:00,38.9,38.9,38.9,0
8/12/2024,0:00,30.5,30.5,30.5,0
8/12/2024,1:00,49.7,49.7,49.7,0
8/12/2024,2:00,55,55,55,0
8/12/2024,3:00,47.6,47.6,47.6,0
8/12/2024,4:00,30,30,30,0
8/12/2024,5:00,32.3,32.3,32.3,0
8/12/2024,6:00,54.8,54.8,54.8,0
8/12/2024,7:00,40.8,40.8,40.8,0
8/12/2024,8:00,18,18,18,0
8/12/2024,9:00,17.6,17.6,17.6,0
8/12/2024,10:00,29.7,29.7,29.7,0
8/12/2024,11:00,22.4,22.4,22.4,0
8/12/2024,12:00,20.3,20.3,20.3,0
8/12/2024,13:00,16.1,16.1,16.1,0
8/12/2024,14:00,13,13,13,0
8/12/2024,15:00,11.9,11.9,11.9,0
8/12/2024,16:00,7.9,7.9,7.9,0
8/12/2024,17:00,6.4,6.4,6.4,0
8/12/2024,18:00,4.6,4.6,4.6,0
8/12/2024,19:00,5.3,5.3,5.3,0
8/12/2024,21:00,7.6,7.6,7.6,0
8/12/2024,22:00,11.3,11.3,11.3,0
8/12/2024,23:00,15.6,15.6,15.6,0
8/13/2024,0:00,22.8,22.8,22.8,0
8/13/2024,1:00,43.6,43.6,43.6,0
8/13/2024,2:00,43.1,43.1,43.1,0
8/13/2024,3:00,40.7,40.7,40.7,0
8/13/2024,4:00,34.7,34.7,34.7,0
8/13/2024,5:00,30,30,30,0
8/13/2024,6:00,25.8,25.8,25.8,0
8/13/2024,7:00,24.7,24.7,24.7,0
8/13/2024,8:00,17.9,17.9,17.9,0
8/13/2024,9:00,13.7,13.7,13.7,0
8/13/2024,10:00,16.7,16.7,16.7,0
8/13/2024,11:00,18.5,18.5,18.5,0
8/13/2024,12:00,19.1,19.1,19.1,0
8/13/2024,14:00,11.1,11.1,11.1,0
8/13/2024,15:00,10.3,10.3,10.3,0
8/13/2024,16:00,9.5,9.5,9.5,0
8/13/2024,17:00,10.1,10.1,10.1,0
8/13/2024,18:00,10.1,10.1,10.1,0
8/13/2024,19:00,9.3,9.3,9.3,0
8/13/2024,20:00,10.3,10.3,10.3,0
8/13/2024,21:00,20.4,20.4,20.4,0
8/13/2024,22:00,24.3,24.3,24.3,0
8/13/2024,23:00,31.8,31.8,31.8,0
8/14/2024,0:00,65.8,65.8,65.8,0
8/14/2024,1:00,91.6,91.6,91.6,0
8/14/2024,2:00,80.9,80.9,80.9,0
8/14/2024,3:00,65.1,65.1,65.1,0
8/14/2024,4:00,55.6,55.6,55.6,0
8/14/2024,5:00,66,66,66,0
8/14/2024,7:00,87.8,87.8,87.8,0
8/14/2024,8:00,52.8,52.8,52.8,0
8/14/2024,9:00,40.2,40.2,40.2,0
8/14/2024,10:00,32,32,32,0
8/14/2024,11:00,24.2,24.2,24.2,0
8/14/2024,12:00,24.2,24.2,24.2,0
8/14/2024,13:00,22.7,22.7,22.7,0
8/14/2024,14:00,19.6,19.6,19.6,0
8/14/2024,15:00,18.9,18.9,18.9,0
8/14/2024,16:00,19.7,19.7,19.7,0
8/14/2024,17:00,20.4,20.4,20.4,0
8/14/2024,18:00,16.5,16.5,16.5,0
8/14/2024,19:00,15.6,15.6,15.6,0
8/14/2024,20:00,16.3,16.3,16.3,0
8/14/2024,21:00,20,20,20,0
8/14/2024,22:00,21.6,21.6,21.6,0
8/14/2024,23:00,40.4,40.4,40.4,0
8/15/2024,0:00,65.9,65.9,65.9,0
8/15/2024,1:00,77.7,77.7,77.7,0
8/15/2024,2:00,92.3,92.3,92.3,0
8/15/2024,3:00,72.7,72.7,72.7,0
8/15/2024,4:00,64.2,64.2,64.2,0
8/15/2024,5:00,58.2,58.2,58.2,0
8/15/2024,6:00,53.2,53.2,53.2,0
8/15/2024,7:00,35.4,35.4,35.4,0
8/15/2024,8:00,27.6,27.6,27.6,0
8/15/2024,9:00,24.3,24.3,24.3,0
8/15/2024,10:00,23.9,23.9,23.9,0
8/15/2024,11:00,23.5,23.5,23.5,0
8/15/2024,12:00,24.8,24.8,24.8,0
8/15/2024,13:00,26,26,26,0
8/15/2024,14:00,25.2,25.2,25.2,0
8/15/2024,15:00,23.6,23.6,23.6,0
8/15/2024,16:00,27.4,27.4,27.4,0
8/15/2024,17:00,29.9,29.9,29.9,0
8/15/2024,18:00,30.6,30.6,30.6,0
8/15/2024,19:00,33.7,33.7,33.7,0
8/15/2024,20:00,35.4,35.4,35.4,0
8/15/2024,21:00,37.7,37.7,37.7,0
8/15/2024,22:00,46.4,46.4,46.4,0
8/15/2024,23:00,62,62,62,0
8/16/2024,0:00,70.8,70.8,70.8,0
8/16/2024,1:00,64.1,64.1,64.1,0
8/16/2024,2:00,65.6,65.6,65.6,0
8/16/2024,3:00,59.5,59.5,59.5,0
8/16/2024,4:00,58,58,58,0
8/16/2024,5:00,53,53,53,0
8/16/2024,6:00,49.1,49.1,49.1,0
8/16/2024,7:00,47.6,47.6,47.6,0
8/16/2024,8:00,47.4,47.4,47.4,0
8/16/2024,9:00,45.2,45.2,45.2,0
8/16/2024,10:00,42.7,42.7,42.7,0
8/16/2024,11:00,43.9,43.9,43.9,0
8/16/2024,12:00,43.3,43.3,43.3,0
8/16/2024,14:00,43.9,43.9,43.9,0
8/16/2024,15:00,46.9,46.9,46.9,0
8/16/2024,16:00,56,56,56,0
8/16/2024,17:00,63.1,63.1,63.1,0
8/16/2024,18:00,68.7,68.7,68.7,0
8/16/2024,19:00,72.1,72.1,72.1,0
8/16/2024,20:00,68.9,68.9,68.9,0
8/16/2024,21:00,66,66,66,0
8/16/2024,22:00,61.9,61.9,61.9,0
8/16/2024,23:00,73.5,73.5,73.5,0
8/17/2024,0:00,82.7,82.7,82.7,0
8/17/2024,1:00,91.8,91.8,91.8,0
8/17/2024,2:00,103.3,103.3,103.3,0
8/17/2024,3:00,101.9,101.9,101.9,0
8/17/2024,4:00,86.9,86.9,86.9,0
8/17/2024,5:00,82.8,82.8,82.8,0
8/17/2024,6:00,79.3,79.3,79.3,0
8/17/2024,7:00,82.5,82.5,82.5,0
8/17/2024,8:00,96.2,96.2,96.2,0
8/17/2024,9:00,115.6,115.6,115.6,0
8/17/2024,10:00,121.9,121.9,121.9,0
8/17/2024,11:00,122.1,122.1,122.1,0
8/17/2024,12:00,119,119,119,0
8/17/2024,13:00,106.5,106.5,106.5,0
8/17/2024,14:00,101.4,101.4,101.4,0
8/17/2024,15:00,100.4,100.4,100.4,0
8/17/2024,16:00,99.6,99.6,99.6,0
8/17/2024,17:00,93.6,93.6,93.6,0
8/17/2024,18:00,85.7,85.7,85.7,0
8/17/2024,19:00,82.9,82.9,82.9,0
8/17/2024,20:00,82.9,82.9,82.9,0
8/17/2024,21:00,80.8,80.8,80.8,0
8/17/2024,22:00,81.8,81.8,81.8,0
8/17/2024,23:00,89.5,89.5,89.5,0
8/18/2024,0:00,103.6,103.6,103.6,0
8/18/2024,1:00,92.2,92.2,92.2,0
8/18/2024,2:00,63.9,63.9,63.9,0
8/18/2024,3:00,69.6,69.6,69.6,0
8/18/2024,4:00,77.5,77.5,77.5,0
8/18/2024,5:00,87.6,87.6,87.6,0
8/18/2024,6:00,85.3,85.3,85.3,0
8/18/2024,7:00,86.9,86.9,86.9,0
8/18/2024,8:00,90.1,90.1,90.1,0
8/18/2024,9:00,95.3,95.3,95.3,0
8/18/2024,10:00,96.1,96.1,96.1,0
8/18/2024,11:00,94.5,94.5,94.5,0
8/18/2024,12:00,96.2,96.2,96.2,0
8/18/2024,13:00,109.1,109.1,109.1,0
8/18/2024,14:00,112.9,112.9,112.9,0
8/18/2024,15:00,96.5,96.5,96.5,0
8/18/2024,16:00,81.3,81.3,81.3,0
8/18/2024,17:00,63.2,63.2,63.2,0
8/18/2024,18:00,53,53,53,0
8/18/2024,19:00,50.4,50.4,50.4,0
8/18/2024,20:00,45.7,45.7,45.7,0
8/18/2024,21:00,45.3,45.3,45.3,0
8/18/2024,22:00,51.6,51.6,51.6,0
8/18/2024,23:00,53.6,53.6,53.6,0
8/19/2024,0:00,61.3,61.3,61.3,0
8/19/2024,1:00,65.9,65.9,65.9,0
8/19/2024,2:00,65.8,65.8,65.8,0
8/19/2024,3:00,75.1,75.1,75.1,0
8/19/2024,4:00,68.6,68.6,68.6,0
8/19/2024,5:00,67.1,67.1,67.1,0
8/19/2024,6:00,59,59,59,0
8/19/2024,7:00,50.5,50.5,50.5,0
8/19/2024,8:00,54.8,54.8,54.8,0
8/19/2024,9:00,55.5,55.5,55.5,0
8/19/2024,10:00,61.2,61.2,61.2,0
8/19/2024,11:00,63,63,63,0
8/19/2024,12:00,66.1,66.1,66.1,0
8/19/2024,13:00,70.2,70.2,70.2,0
8/19/2024,14:00,70.2,70.2,70.2,0
8/19/2024,15:00,69.6,69.6,69.6,0
8/19/2024,16:00,65.2,65.2,65.2,0
8/19/2024,17:00,63.4,63.4,63.4,0
8/19/2024,18:00,67.5,67.5,67.5,0
8/19/2024,19:00,72.2,72.2,72.2,0
8/19/2024,20:00,56.1,56.1,56.1,0
8/19/2024,21:00,46.8,46.8,46.8,0
8/19/2024,22:00,53.6,53.6,53.6,0
8/19/2024,23:00,40.7,40.7,40.7,0
8/20/2024,0:00,41.5,41.5,41.5,0
8/20/2024,1:00,53.9,53.9,53.9,0
8/20/2024,2:00,36.1,36.1,36.1,0
8/20/2024,3:00,31.6,31.6,31.6,0
8/20/2024,4:00,35.7,35.7,35.7,0
8/20/2024,5:00,24.4,24.4,24.4,0
8/20/2024,6:00,20.8,20.8,20.8,0
8/20/2024,7:00,28.7,28.7,28.7,0
8/20/2024,8:00,25.9,25.9,25.9,0
8/20/2024,9:00,23.1,23.1,23.1,0
8/20/2024,10:00,25.7,25.7,25.7,0
8/20/2024,11:00,29,29,29,0
8/20/2024,12:00,27.5,27.5,27.5,0
8/20/2024,13:00,27.4,27.4,27.4,0
8/20/2024,14:00,25.4,25.4,25.4,0
8/20/2024,15:00,23.5,23.5,23.5,0
8/20/2024,16:00,23,23,23,0
8/20/2024,17:00,25.3,25.3,25.3,0
8/20/2024,18:00,23.2,23.2,23.2,0
8/20/2024,19:00,24.4,24.4,24.4,0
8/20/2024,20:00,29.7,29.7,29.7,0
8/20/2024,21:00,28.8,28.8,28.8,0
8/20/2024,22:00,28.9,28.9,28.9,0
8/20/2024,23:00,30.7,30.7,30.7,0
8/21/2024,0:00,32.8,32.8,32.8,0
8/21/2024,1:00,49.5,49.5,49.5,0
8/21/2024,2:00,40.4,40.4,40.4,0
8/21/2024,3:00,42.1,42.1,42.1,0
8/21/2024,4:00,44,44,44,0
8/21/2024,5:00,41.7,41.7,41.7,0
8/21/2024,6:00,41.9,41.9,41.9,0
8/21/2024,7:00,36.9,36.9,36.9,0
8/21/2024,19:00,42.5,42.5,42.5,0
8/21/2024,20:00,42.3,42.3,42.3,0
8/21/2024,21:00,43.6,43.6,43.6,0
8/21/2024,22:00,36.8,36.8,36.8,0
8/21/2024,23:00,27.4,27.4,27.4,0
8/22/2024,0:00,19.2,19.2,19.2,0
8/22/2024,1:00,14.8,14.8,14.8,0
8/22/2024,2:00,14.5,14.5,14.5,0
8/22/2024,3:00,17.1,17.1,17.1,0
8/22/2024,4:00,20.5,20.5,20.5,0
8/22/2024,5:00,20,20,20,0
8/22/2024,6:00,15.9,15.9,15.9,0
8/22/2024,7:00,13.6,13.6,13.6,0
8/22/2024,8:00,7.9,7.9,7.9,0
8/22/2024,9:00,3.6,3.6,3.6,0
8/22/2024,10:00,6.1,6.1,6.1,0
8/22/2024,11:00,6.2,6.2,6.2,0
8/22/2024,12:00,3.8,3.8,3.8,0
8/22/2024,13:00,2.8,2.8,2.8,0
8/22/2024,14:00,3.8,3.8,3.8,0
8/22/2024,15:00,3.2,3.2,3.2,0
8/22/2024,16:00,2.1,2.1,2.1,0
8/22/2024,17:00,2.7,2.7,2.7,0
8/22/2024,18:00,3.1,3.1,3.1,0
8/22/2024,19:00,2.7,2.7,2.7,0
8/22/2024,20:00,3,3,3,0
8/22/2024,21:00,3.3,3.3,3.3,0
8/22/2024,22:00,3.7,3.7,3.7,0
8/22/2024,23:00,5,5,5,0
8/23/2024,0:00,5,5,5,0
8/23/2024,1:00,4.9,4.9,4.9,0
8/23/2024,2:00,5,5,5,0
8/23/2024,3:00,5.1,5.1,5.1,0
8/23/2024,4:00,5.2,5.2,5.2,0
8/23/2024,5:00,4.4,4.4,4.4,0
8/23/2024,6:00,3.8,3.8,3.8,0
8/23/2024,7:00,2.7,2.7,2.7,0
8/23/2024,8:00,1.8,1.8,1.8,0
8/23/2024,9:00,1.5,1.5,1.5,0
8/23/2024,10:00,2.1,2.1,2.1,0
8/23/2024,11:00,3,3,3,0
8/23/2024,12:00,3.1,3.1,3.1,0
8/23/2024,13:00,4,4,4,0
8/23/2024,14:00,4.3,4.3,4.3,0
8/23/2024,15:00,9.5,9.5,9.5,0
8/23/2024,16:00,6.3,6.3,6.3,0
8/23/2024,17:00,6.6,6.6,6.6,0
8/23/2024,18:00,4.8,4.8,4.8,0
8/23/2024,19:00,4.4,4.4,4.4,0
8/23/2024,20:00,4,4,4,0
8/23/2024,22:00,6.5,6.5,6.5,0
8/23/2024,23:00,7.7,7.7,7.7,0
8/24/2024,0:00,8.7,8.7,8.7,0
8/24/2024,1:00,6.8,6.8,6.8,0
8/24/2024,2:00,7.6,7.6,7.6,0
8/24/2024,3:00,6.1,6.1,6.1,0
8/24/2024,4:00,3.4,3.4,3.4,0
8/24/2024,5:00,3.5,3.5,3.5,0
8/24/2024,6:00,3,3,3,0
8/24/2024,7:00,3.5,3.5,3.5,0
8/24/2024,8:00,3.3,3.3,3.3,0
8/24/2024,9:00,3,3,3,0
8/24/2024,10:00,3.1,3.1,3.1,0
8/24/2024,11:00,3.4,3.4,3.4,0
8/24/2024,12:00,3.8,3.8,3.8,0
8/24/2024,13:00,4,4,4,0
8/24/2024,14:00,4.3,4.3,4.3,0
8/24/2024,15:00,3.8,3.8,3.8,0
8/24/2024,16:00,3.5,3.5,3.5,0
8/24/2024,17:00,3.2,3.2,3.2,0
8/24/2024,18:00,3,3,3,0
8/24/2024,19:00,3.1,3.1,3.1,0
8/24/2024,20:00,4.3,4.3,4.3,0
8/24/2024,21:00,3.7,3.7,3.7,0
8/24/2024,22:00,3.6,3.6,3.6,0
8/24/2024,23:00,4.6,4.6,4.6,0
8/25/2024,3:00,6.9,6.9,6.9,0
8/25/2024,4:00,5.8,5.8,5.8,0
8/25/2024,5:00,6.2,6.2,6.2,0
8/25/2024,6:00,6.8,6.8,6.8,0
8/25/2024,7:00,8.2,8.2,8.2,0
8/25/2024,8:00,7.2,7.2,7.2,0
8/25/2024,9:00,6,6,6,0
8/25/2024,10:00,10.2,10.2,10.2,0
8/25/2024,11:00,5.1,5.1,5.1,0
8/25/2024,12:00,5.1,5.1,5.1,0
8/25/2024,13:00,4.5,4.5,4.5,0
8/25/2024,14:00,4.7,4.7,4.7,0
8/25/2024,15:00,5.4,5.4,5.4,0
8/25/2024,16:00,5.1,5.1,5.1,0
8/25/2024,17:00,5.5,5.5,5.5,0
8/25/2024,18:00,6,6,6,0
8/25/2024,19:00,6.7,6.7,6.7,0
8/25/2024,20:00,4.3,4.3,4.3,0
8/25/2024,21:00,4.2,4.2,4.2,0
8/25/2024,22:00,4.9,4.9,4.9,0
8/25/2024,23:00,9,9,9,0
8/26/2024,0:00,13.4,13.4,13.4,0
8/26/2024,1:00,13.3,13.3,13.3,0
8/26/2024,2:00,15,15,15,0
8/26/2024,3:00,17.3,17.3,17.3,0
8/26/2024,5:00,31,31,31,0
8/26/2024,6:00,13.8,13.8,13.8,0
8/26/2024,7:00,13.2,13.2,13.2,0
8/26/2024,8:00,18.4,18.4,18.4,0
8/26/2024,9:00,29.3,29.3,29.3,0
8/26/2024,10:00,37.7,37.7,37.7,0
8/26/2024,11:00,42,42,42,0
8/26/2024,12:00,25.6,25.6,25.6,0
8/26/2024,13:00,13.8,13.8,13.8,0
8/26/2024,14:00,8.2,8.2,8.2,0
8/26/2024,15:00,6.6,6.6,6.6,0
8/26/2024,16:00,5.6,5.6,5.6,0
8/26/2024,17:00,5.1,5.1,5.1,0
8/26/2024,18:00,5.4,5.4,5.4,0
8/26/2024,20:00,5.7,5.7,5.7,0
8/26/2024,21:00,6.7,6.7,6.7,0
8/26/2024,22:00,7.4,7.4,7.4,0
8/26/2024,23:00,12.4,12.4,12.4,0
8/27/2024,0:00,34.3,34.3,34.3,0
8/27/2024,1:00,34,34,34,0
8/27/2024,2:00,30.5,30.5,30.5,0
8/27/2024,3:00,32.2,32.2,32.2,0
8/27/2024,4:00,30.1,30.1,30.1,0
8/27/2024,5:00,26.5,26.5,26.5,0
8/27/2024,6:00,22.6,22.6,22.6,0
8/27/2024,7:00,16.2,16.2,16.2,0
8/27/2024,8:00,10.7,10.7,10.7,0
8/27/2024,9:00,8.9,8.9,8.9,0
8/27/2024,10:00,10.2,10.2,10.2,0
8/27/2024,11:00,12.6,12.6,12.6,0
8/27/2024,12:00,14,14,14,0
8/27/2024,13:00,15.7,15.7,15.7,0
8/27/2024,14:00,15.8,15.8,15.8,0
8/27/2024,15:00,17.7,17.7,17.7,0
8/27/2024,16:00,19.8,19.8,19.8,0
8/27/2024,17:00,22.4,22.4,22.4,0
8/27/2024,18:00,29.9,29.9,29.9,0
8/27/2024,19:00,43.4,43.4,43.4,0
8/27/2024,20:00,34.4,34.4,34.4,0
8/27/2024,21:00,39.4,39.4,39.4,0
8/27/2024,22:00,46.1,46.1,46.1,0
8/27/2024,23:00,54.8,54.8,54.8,0
8/28/2024,0:00,54,54,54,0
8/28/2024,1:00,54.9,54.9,54.9,0
8/28/2024,2:00,71.7,71.7,71.7,0
8/28/2024,3:00,52.9,52.9,52.9,0
8/28/2024,4:00,51.9,51.9,51.9,0
8/28/2024,5:00,32.2,32.2,32.2,0
8/28/2024,6:00,24.7,24.7,24.7,0
8/28/2024,7:00,20,20,20,0
8/28/2024,8:00,22,22,22,0
8/28/2024,9:00,20.1,20.1,20.1,0
8/28/2024,10:00,15.8,15.8,15.8,0
8/28/2024,11:00,16.9,16.9,16.9,0
8/28/2024,12:00,20.3,20.3,20.3,0
8/28/2024,13:00,19.7,19.7,19.7,0
8/28/2024,14:00,21.8,21.8,21.8,0
8/28/2024,15:00,20.9,20.9,20.9,0
8/28/2024,16:00,20.9,20.9,20.9,0
8/28/2024,17:00,19.5,19.5,19.5,0
8/28/2024,18:00,19.6,19.6,19.6,0
8/28/2024,19:00,19.8,19.8,19.8,0
8/28/2024,20:00,19.1,19.1,19.1,0
8/28/2024,21:00,23.7,23.7,23.7,0
8/28/2024,22:00,33.1,33.1,33.1,0
8/28/2024,23:00,36.9,36.9,36.9,0
8/29/2024,0:00,47.5,47.5,47.5,0
8/29/2024,1:00,56.5,56.5,56.5,0
8/29/2024,2:00,53.1,53.1,53.1,0
8/29/2024,3:00,57.7,57.7,57.7,0
8/29/2024,4:00,52.3,52.3,52.3,0
8/29/2024,5:00,78.7,78.7,78.7,0
8/29/2024,6:00,89.2,89.2,89.2,0
8/29/2024,7:00,82.4,82.4,82.4,0
8/29/2024,8:00,60.6,60.6,60.6,0
8/29/2024,9:00,40.7,40.7,40.7,0
8/29/2024,11:00,28.1,28.1,28.1,0
8/29/2024,12:00,26.5,26.5,26.5,0
8/29/2024,13:00,22.1,22.1,22.1,0
8/29/2024,14:00,21.2,21.2,21.2,0
8/29/2024,15:00,22.8,22.8,22.8,0
8/29/2024,16:00,20.2,20.2,20.2,0
8/29/2024,17:00,20.9,20.9,20.9,0
8/29/2024,18:00,22.8,22.8,22.8,0
8/29/2024,19:00,23.4,23.4,23.4,0
8/29/2024,20:00,27.3,27.3,27.3,0
8/29/2024,22:00,36.3,36.3,36.3,0
8/30/2024,2:00,64.3,64.3,64.3,0
8/30/2024,3:00,48.7,48.7,48.7,0
8/30/2024,4:00,52.8,52.8,52.8,0
8/30/2024,5:00,47.6,47.6,47.6,0
8/30/2024,6:00,28.5,28.5,28.5,0
8/30/2024,7:00,25.9,25.9,25.9,0
8/30/2024,8:00,26.1,26.1,26.1,0
8/30/2024,9:00,28.9,28.9,28.9,0
8/30/2024,10:00,32.1,32.1,32.1,0
8/30/2024,11:00,33.7,33.7,33.7,0
8/30/2024,12:00,32.6,32.6,32.6,0
8/30/2024,13:00,28.8,28.8,28.8,0
8/30/2024,14:00,30.4,30.4,30.4,0
8/30/2024,15:00,30.3,30.3,30.3,0
8/30/2024,16:00,31.4,31.4,31.4,0
8/30/2024,17:00,31.7,31.7,31.7,0
8/30/2024,18:00,29.8,29.8,29.8,0
8/30/2024,19:00,28.1,28.1,28.1,0
8/30/2024,20:00,29.5,29.5,29.5,0
8/30/2024,21:00,30.6,30.6,30.6,0
8/30/2024,22:00,29.9,29.9,29.9,0
8/30/2024,23:00,37.2,37.2,37.2,0
8/31/2024,0:00,48.3,48.3,48.3,0
8/31/2024,1:00,50.9,50.9,50.9,0
8/31/2024,2:00,56.4,56.4,56.4,0
8/31/2024,3:00,46.8,46.8,46.8,0
8/31/2024,4:00,44,44,44,0
8/31/2024,5:00,38.7,38.7,38.7,0
8/31/2024,6:00,30.7,30.7,30.7,0
8/31/2024,7:00,34.4,34.4,34.4,0
8/31/2024,8:00,65.4,65.4,65.4,0
8/31/2024,9:00,87.1,87.1,87.1,0
8/31/2024,10:00,75.6,75.6,75.6,0
8/31/2024,11:00,55.2,55.2,55.2,0
8/31/2024,12:00,62.1,62.1,62.1,0
8/31/2024,13:00,55.3,55.3,55.3,0
8/31/2024,14:00,33,33,33,0
8/31/2024,15:00,20.3,20.3,20.3,0
8/31/2024,16:00,17.3,17.3,17.3,0
8/31/2024,17:00,13.8,13.8,13.8,0
8/31/2024,18:00,12.4,12.4,12.4,0
8/31/2024,19:00,14.9,14.9,14.9,0
8/31/2024,20:00,17.8,17.8,17.8,0
8/31/2024,21:00,30.1,30.1,30.1,0
8/31/2024,22:00,21.1,21.1,21.1,0
8/31/2024,23:00,41.6,41.6,41.6,0
9/1/2024,0:00,60.8,60.8,60.8,0
9/1/2024,1:00,56.1,56.1,56.1,0
9/1/2024,2:00,53.3,53.3,53.3,0
9/1/2024,3:00,42.5,42.5,42.5,0
9/1/2024,4:00,32.6,32.6,32.6,0
9/1/2024,5:00,21.4,21.4,21.4,0
9/1/2024,6:00,36,36,36,0
9/1/2024,7:00,34.9,34.9,34.9,0
9/1/2024,8:00,42.4,42.4,42.4,0
9/1/2024,9:00,42.7,42.7,42.7,0
9/1/2024,10:00,27.2,27.2,27.2,0
9/1/2024,11:00,10.4,10.4,10.4,0
9/1/2024,12:00,8.9,8.9,8.9,0
9/1/2024,13:00,8.9,8.9,8.9,0
9/1/2024,14:00,9.2,9.2,9.2,0
9/1/2024,15:00,7.2,7.2,7.2,0
9/1/2024,16:00,6.7,6.7,6.7,0
9/1/2024,17:00,6.6,6.6,6.6,0
9/1/2024,18:00,7.6,7.6,7.6,0
9/1/2024,19:00,5.6,5.6,5.6,0
9/1/2024,20:00,5,5,5,0
9/1/2024,21:00,5.4,5.4,5.4,0
9/1/2024,22:00,8.9,8.9,8.9,0
9/1/2024,23:00,13.7,13.7,13.7,0
9/2/2024,0:00,22.9,22.9,22.9,0
9/2/2024,1:00,26.6,26.6,26.6,0
9/2/2024,2:00,24.5,24.5,24.5,0
9/2/2024,3:00,13.9,13.9,13.9,0
9/2/2024,4:00,12.5,12.5,12.5,0
9/2/2024,5:00,18.8,18.8,18.8,0
9/2/2024,6:00,16.6,16.6,16.6,0
9/2/2024,7:00,12.2,12.2,12.2,0
9/2/2024,8:00,11.6,11.6,11.6,0
9/2/2024,9:00,12.2,12.2,12.2,0
9/2/2024,10:00,14.4,14.4,14.4,0
9/2/2024,11:00,19.1,19.1,19.1,0
9/2/2024,12:00,22.5,22.5,22.5,0
9/2/2024,13:00,24.4,24.4,24.4,0
9/2/2024,14:00,21.8,21.8,21.8,0
9/2/2024,15:00,17.3,17.3,17.3,0
9/2/2024,16:00,19.9,19.9,19.9,0
9/2/2024,17:00,22.9,22.9,22.9,0
9/2/2024,18:00,19.5,19.5,19.5,0
9/2/2024,19:00,18.2,18.2,18.2,0
9/2/2024,20:00,23.2,23.2,23.2,0
9/2/2024,21:00,19.7,19.7,19.7,0
9/2/2024,22:00,15,15,15,0
9/2/2024,23:00,24.6,24.6,24.6,0
9/3/2024,0:00,52.7,52.7,52.7,0
9/3/2024,1:00,50.9,50.9,50.9,0
9/3/2024,2:00,31.4,31.4,31.4,0
9/3/2024,3:00,27.3,27.3,27.3,0
9/3/2024,4:00,29.3,29.3,29.3,0
9/3/2024,5:00,28.5,28.5,28.5,0
9/3/2024,6:00,34.1,34.1,34.1,0
9/3/2024,7:00,34.8,34.8,34.8,0
9/3/2024,8:00,35.5,35.5,35.5,0
9/3/2024,9:00,39,39,39,0
9/3/2024,10:00,42.4,42.4,42.4,0
9/3/2024,11:00,45.7,45.7,45.7,0
9/3/2024,12:00,48,48,48,0
9/3/2024,13:00,51.1,51.1,51.1,0
9/3/2024,14:00,50.2,50.2,50.2,0
9/3/2024,15:00,52.7,52.7,52.7,0
9/3/2024,16:00,55.3,55.3,55.3,0
9/3/2024,17:00,47.8,47.8,47.8,0
9/3/2024,18:00,46,46,46,0
9/3/2024,19:00,48.6,48.6,48.6,0
9/3/2024,20:00,49.9,49.9,49.9,0
9/3/2024,21:00,53.9,53.9,53.9,0
9/3/2024,23:00,92.1,92.1,92.1,0
9/4/2024,0:00,71,71,71,0
9/4/2024,1:00,63.1,63.1,63.1,0
9/4/2024,2:00,57.6,57.6,57.6,0
9/4/2024,3:00,52.8,52.8,52.8,0
9/4/2024,4:00,57.5,57.5,57.5,0
9/4/2024,5:00,64.6,64.6,64.6,0
9/4/2024,6:00,75.6,75.6,75.6,0
9/4/2024,7:00,74.6,74.6,74.6,0
9/4/2024,8:00,65.8,65.8,65.8,0
9/4/2024,9:00,60.6,60.6,60.6,0
9/4/2024,10:00,71.5,71.5,71.5,0
9/4/2024,11:00,67.9,67.9,67.9,0
9/4/2024,12:00,72.1,72.1,72.1,0
9/4/2024,13:00,74.7,74.7,74.7,0
9/4/2024,14:00,51.2,51.2,51.2,0
9/4/2024,15:00,30.8,30.8,30.8,0
9/4/2024,16:00,29.1,29.1,29.1,0
9/4/2024,17:00,18.8,18.8,18.8,0
9/4/2024,18:00,29.3,29.3,29.3,0
9/4/2024,19:00,19.5,19.5,19.5,0
9/4/2024,20:00,12.2,12.2,12.2,0
9/4/2024,21:00,9.4,9.4,9.4,0
9/4/2024,22:00,8.6,8.6,8.6,0
9/4/2024,23:00,9.4,9.4,9.4,0
9/5/2024,0:00,9,9,9,0
9/5/2024,1:00,8.5,8.5,8.5,0
9/5/2024,2:00,8,8,8,0
9/5/2024,3:00,7.7,7.7,7.7,0
9/5/2024,4:00,7.6,7.6,7.6,0
9/5/2024,5:00,6.8,6.8,6.8,0
9/5/2024,6:00,5.6,5.6,5.6,0
9/5/2024,7:00,4.2,4.2,4.2,0
9/5/2024,8:00,3.5,3.5,3.5,0
9/5/2024,9:00,3.2,3.2,3.2,0
9/5/2024,10:00,3.7,3.7,3.7,0
9/5/2024,11:00,5.6,5.6,5.6,0
9/5/2024,13:00,4.6,4.6,4.6,0
9/5/2024,14:00,5.2,5.2,5.2,0
9/5/2024,15:00,5.9,5.9,5.9,0
9/5/2024,16:00,5.9,5.9,5.9,0
9/5/2024,18:00,4.9,4.9,4.9,0
9/5/2024,19:00,5.4,5.4,5.4,0
9/5/2024,21:00,7.3,7.3,7.3,0
9/5/2024,22:00,9.5,9.5,9.5,0
9/5/2024,23:00,20.7,20.7,20.7,0
9/6/2024,0:00,55.1,55.1,55.1,0
9/6/2024,1:00,58.4,58.4,58.4,0
9/6/2024,2:00,49.5,49.5,49.5,0
9/6/2024,3:00,46.6,46.6,46.6,0
9/6/2024,4:00,42.9,42.9,42.9,0
9/6/2024,5:00,30.1,30.1,30.1,0
9/6/2024,6:00,24.7,24.7,24.7,0
9/6/2024,7:00,19,19,19,0
9/6/2024,8:00,16.7,16.7,16.7,0
9/6/2024,9:00,13.5,13.5,13.5,0
9/6/2024,10:00,14.6,14.6,14.6,0
9/6/2024,11:00,18,18,18,0
9/6/2024,12:00,16.5,16.5,16.5,0
9/6/2024,13:00,14.5,14.5,14.5,0
9/6/2024,14:00,9.8,9.8,9.8,0
9/6/2024,15:00,13.7,13.7,13.7,0
9/6/2024,16:00,14.2,14.2,14.2,0
9/6/2024,17:00,15.1,15.1,15.1,0
9/6/2024,18:00,16.9,16.9,16.9,0
9/6/2024,19:00,17.9,17.9,17.9,0
9/6/2024,20:00,16,16,16,0
9/6/2024,21:00,21.5,21.5,21.5,0
9/6/2024,22:00,19.9,19.9,19.9,0
9/6/2024,23:00,28.3,28.3,28.3,0
9/7/2024,0:00,41.3,41.3,41.3,0
9/7/2024,1:00,37.9,37.9,37.9,0
9/7/2024,3:00,40.7,40.7,40.7,0
9/7/2024,4:00,50.2,50.2,50.2,0
9/7/2024,5:00,65.1,65.1,65.1,0
9/7/2024,6:00,68,68,68,0
9/7/2024,7:00,65.3,65.3,65.3,0
9/7/2024,8:00,64.4,64.4,64.4,0
9/7/2024,9:00,62.9,62.9,62.9,0
9/7/2024,10:00,63.9,63.9,63.9,0
9/7/2024,11:00,66.9,66.9,66.9,0
9/7/2024,12:00,72.7,72.7,72.7,0
9/7/2024,13:00,77.9,77.9,77.9,0
9/7/2024,14:00,78.4,78.4,78.4,0
9/7/2024,15:00,77.3,77.3,77.3,0
9/7/2024,16:00,79,79,79,0
9/7/2024,17:00,78.3,78.3,78.3,0
9/7/2024,18:00,81,81,81,0
9/7/2024,19:00,85.8,85.8,85.8,0
9/7/2024,20:00,88.3,88.3,88.3,0
9/7/2024,21:00,89.2,89.2,89.2,0
9/7/2024,22:00,94.5,94.5,94.5,0
9/7/2024,23:00,97.8,97.8,97.8,0
9/8/2024,0:00,106,106,106,0
9/8/2024,1:00,94.6,94.6,94.6,0
9/8/2024,2:00,96.2,96.2,96.2,0
9/8/2024,3:00,93,93,93,0
9/8/2024,4:00,90.6,90.6,90.6,0
9/8/2024,5:00,87.4,87.4,87.4,0
9/8/2024,6:00,86.8,86.8,86.8,0
9/8/2024,7:00,90.2,90.2,90.2,0
9/8/2024,8:00,89.9,89.9,89.9,0
9/8/2024,9:00,82.3,82.3,82.3,0
9/8/2024,10:00,79.4,79.4,79.4,0
9/8/2024,11:00,81.4,81.4,81.4,0
9/8/2024,12:00,76.8,76.8,76.8,0
9/8/2024,13:00,69.7,69.7,69.7,0
9/8/2024,14:00,67,67,67,0
9/8/2024,15:00,60.5,60.5,60.5,0
9/8/2024,16:00,65.7,65.7,65.7,0
9/8/2024,17:00,68.5,68.5,68.5,0
9/8/2024,18:00,81.6,81.6,81.6,0
9/8/2024,19:00,87.3,87.3,87.3,0
9/8/2024,20:00,86.5,86.5,86.5,0
9/8/2024,21:00,89.3,89.3,89.3,0
9/8/2024,22:00,93.8,93.8,93.8,0
9/8/2024,23:00,84.8,84.8,84.8,0
9/9/2024,0:00,81.4,81.4,81.4,0
9/9/2024,1:00,83.8,83.8,83.8,0
9/9/2024,2:00,102.4,102.4,102.4,0
9/9/2024,3:00,100.7,100.7,100.7,0
9/9/2024,4:00,108.6,108.6,108.6,0
9/9/2024,5:00,109.8,109.8,109.8,0
9/9/2024,6:00,85.5,85.5,85.5,0
9/9/2024,7:00,81.8,81.8,81.8,0
9/9/2024,8:00,83.9,83.9,83.9,0
9/9/2024,9:00,88.4,88.4,88.4,0
9/9/2024,10:00,105.4,105.4,105.4,0
9/9/2024,11:00,114.2,114.2,114.2,0
9/9/2024,12:00,103,103,103,0
9/9/2024,13:00,108.3,108.3,108.3,0
9/9/2024,14:00,118.3,118.3,118.3,0
9/9/2024,15:00,110.7,110.7,110.7,0
9/9/2024,16:00,98.1,98.1,98.1,0
9/9/2024,17:00,100.9,100.9,100.9,0
9/9/2024,18:00,111.7,111.7,111.7,0
9/9/2024,19:00,113.7,113.7,113.7,0
9/9/2024,20:00,105.5,105.5,105.5,0
9/9/2024,21:00,106.4,106.4,106.4,0
9/9/2024,22:00,108.7,108.7,108.7,0
9/9/2024,23:00,112.7,112.7,112.7,0
9/10/2024,0:00,122.6,122.6,122.6,0
9/10/2024,1:00,115.7,115.7,115.7,0
9/10/2024,2:00,134.2,134.2,134.2,0
9/10/2024,3:00,136.1,136.1,136.1,0
9/10/2024,4:00,125.3,125.3,125.3,0
9/10/2024,5:00,112.9,112.9,112.9,0
9/10/2024,6:00,117,117,117,0
9/10/2024,7:00,119,119,119,0
9/10/2024,8:00,132.3,132.3,132.3,0
9/10/2024,9:00,132.5,132.5,132.5,0
9/10/2024,10:00,147.8,147.8,147.8,0
9/10/2024,11:00,167.5,167.5,167.5,0
9/10/2024,13:00,205.7,205.7,205.7,0
9/10/2024,14:00,189.3,189.3,189.3,0
9/10/2024,15:00,169.1,169.1,169.1,0
9/10/2024,16:00,151.2,151.2,151.2,0
9/10/2024,18:00,127.2,127.2,127.2,0
9/10/2024,19:00,117.3,117.3,117.3,0
9/10/2024,20:00,127.7,127.7,127.7,0
9/10/2024,21:00,137.7,137.7,137.7,0
9/10/2024,22:00,134,134,134,0
9/10/2024,23:00,131.3,131.3,131.3,0
9/11/2024,0:00,124.2,124.2,124.2,0
9/11/2024,1:00,120.4,120.4,120.4,0
9/11/2024,2:00,134.3,134.3,134.3,0
9/11/2024,3:00,122.2,122.2,122.2,0
9/11/2024,4:00,114.2,114.2,114.2,0
9/11/2024,5:00,117.2,117.2,117.2,0
9/11/2024,6:00,125.8,125.8,125.8,0
9/11/2024,7:00,134.3,134.3,134.3,0
9/11/2024,8:00,128.3,128.3,128.3,0
9/11/2024,9:00,113.8,113.8,113.8,0
9/11/2024,10:00,101.5,101.5,101.5,0
9/11/2024,11:00,97.4,97.4,97.4,0
9/11/2024,12:00,116.4,116.4,116.4,0
9/11/2024,13:00,126.1,126.1,126.1,0
9/11/2024,14:00,115.3,115.3,115.3,0
9/11/2024,15:00,109.4,109.4,109.4,0
9/11/2024,16:00,106.9,106.9,106.9,0
9/11/2024,17:00,108.5,108.5,108.5,0
9/11/2024,18:00,108.9,108.9,108.9,0
9/11/2024,20:00,105.8,105.8,105.8,0
9/11/2024,21:00,121.7,121.7,121.7,0
9/11/2024,22:00,110.2,110.2,110.2,0
9/11/2024,23:00,113.6,113.6,113.6,0
9/12/2024,0:00,113.5,113.5,113.5,0
9/12/2024,1:00,139.4,139.4,139.4,0
9/12/2024,2:00,131.3,131.3,131.3,0
9/12/2024,3:00,102.9,102.9,102.9,0
9/12/2024,4:00,78.1,78.1,78.1,0
9/12/2024,5:00,66.3,66.3,66.3,0
9/12/2024,6:00,65.7,65.7,65.7,0
9/12/2024,7:00,61.4,61.4,61.4,0
9/12/2024,8:00,62.1,62.1,62.1,0
9/12/2024,9:00,54.9,54.9,54.9,0
9/12/2024,10:00,43.6,43.6,43.6,0
9/12/2024,11:00,34.5,34.5,34.5,0
9/12/2024,12:00,36.5,36.5,36.5,0
9/12/2024,13:00,32.5,32.5,32.5,0
9/12/2024,14:00,23.6,23.6,23.6,0
9/12/2024,15:00,30,30,30,0
9/12/2024,16:00,24.9,24.9,24.9,0
9/12/2024,17:00,21.7,21.7,21.7,0
9/12/2024,18:00,15.8,15.8,15.8,0
9/12/2024,19:00,13.8,13.8,13.8,0
9/12/2024,20:00,14.5,14.5,14.5,0
9/12/2024,21:00,15.4,15.4,15.4,0
9/12/2024,22:00,16.8,16.8,16.8,0
9/12/2024,23:00,16.2,16.2,16.2,0
9/13/2024,0:00,17.5,17.5,17.5,0
9/13/2024,1:00,16.7,16.7,16.7,0
9/13/2024,2:00,16.8,16.8,16.8,0
9/13/2024,3:00,18,18,18,0
9/13/2024,4:00,22.7,22.7,22.7,0
9/13/2024,5:00,26.4,26.4,26.4,0
9/13/2024,6:00,23.4,23.4,23.4,0
9/13/2024,7:00,26.2,26.2,26.2,0
9/13/2024,8:00,26.7,26.7,26.7,0
9/13/2024,9:00,23.1,23.1,23.1,0
9/13/2024,10:00,23.5,23.5,23.5,0
9/13/2024,11:00,24.7,24.7,24.7,0
9/13/2024,12:00,26.6,26.6,26.6,0
9/13/2024,13:00,30.5,30.5,30.5,0
9/13/2024,14:00,30,30,30,0
9/13/2024,15:00,30.2,30.2,30.2,0
9/13/2024,16:00,36.5,36.5,36.5,0
9/13/2024,17:00,35.6,35.6,35.6,0
9/13/2024,18:00,29.8,29.8,29.8,0
9/13/2024,19:00,32.4,32.4,32.4,0
9/13/2024,20:00,30.9,30.9,30.9,0
9/13/2024,21:00,30.5,30.5,30.5,0
9/13/2024,22:00,31,31,31,0
9/13/2024,23:00,30.9,30.9,30.9,0
9/14/2024,0:00,22.4,22.4,22.4,0
9/14/2024,1:00,17.1,17.1,17.1,0
9/14/2024,2:00,18.5,18.5,18.5,0
9/14/2024,3:00,21.4,21.4,21.4,0
9/14/2024,4:00,18.2,18.2,18.2,0
9/14/2024,5:00,15.3,15.3,15.3,0
9/14/2024,6:00,20,20,20,0
9/14/2024,7:00,25.8,25.8,25.8,0
9/14/2024,8:00,38.2,38.2,38.2,0
9/14/2024,10:00,35.7,35.7,35.7,0
9/14/2024,11:00,34,34,34,0
9/14/2024,12:00,33.9,33.9,33.9,0
9/14/2024,13:00,32.6,32.6,32.6,0
9/14/2024,14:00,29.8,29.8,29.8,0
9/14/2024,15:00,26.2,26.2,26.2,0
9/14/2024,16:00,24.1,24.1,24.1,0
9/14/2024,17:00,21.6,21.6,21.6,0
9/14/2024,18:00,18.7,18.7,18.7,0
9/14/2024,19:00,22.9,22.9,22.9,0
9/14/2024,20:00,27.9,27.9,27.9,0
9/14/2024,21:00,21.6,21.6,21.6,0
9/14/2024,22:00,22,22,22,0
9/14/2024,23:00,21.7,21.7,21.7,0
9/15/2024,0:00,21.9,21.9,21.9,0
9/15/2024,1:00,25.6,25.6,25.6,0
9/15/2024,2:00,27.2,27.2,27.2,0
9/15/2024,3:00,22.2,22.2,22.2,0
9/15/2024,4:00,22,22,22,0
9/15/2024,5:00,17.2,17.2,17.2,0
9/15/2024,6:00,15.4,15.4,15.4,0
9/15/2024,7:00,15.5,15.5,15.5,0
9/15/2024,8:00,15.8,15.8,15.8,0
9/15/2024,9:00,13.1,13.1,13.1,0
9/15/2024,10:00,13.1,13.1,13.1,0
9/15/2024,11:00,12,12,12,0
9/15/2024,12:00,10,10,10,0
9/15/2024,13:00,10.3,10.3,10.3,0
9/15/2024,14:00,13.6,13.6,13.6,0
9/15/2024,15:00,13.4,13.4,13.4,0
9/15/2024,16:00,14.8,14.8,14.8,0
9/15/2024,17:00,14.6,14.6,14.6,0
9/15/2024,18:00,15.8,15.8,15.8,0
9/15/2024,19:00,16.4,16.4,16.4,0
9/15/2024,20:00,16.6,16.6,16.6,0
9/15/2024,21:00,16.6,16.6,16.6,0
9/15/2024,23:00,20.8,20.8,20.8,0
9/16/2024,0:00,27.8,27.8,27.8,0
9/16/2024,1:00,25.3,25.3,25.3,0
9/16/2024,2:00,31.5,31.5,31.5,0
9/16/2024,3:00,26.6,26.6,26.6,0
9/16/2024,4:00,25,25,25,0
9/16/2024,5:00,21.1,21.1,21.1,0
9/16/2024,6:00,29.6,29.6,29.6,0
9/16/2024,7:00,37.1,37.1,37.1,0
9/16/2024,8:00,26,26,26,0
9/16/2024,9:00,19,19,19,0
9/16/2024,10:00,15.6,15.6,15.6,0
9/16/2024,11:00,18.6,18.6,18.6,0
9/16/2024,12:00,18.7,18.7,18.7,0
9/16/2024,13:00,18.3,18.3,18.3,0
9/16/2024,14:00,16.3,16.3,16.3,0
9/16/2024,15:00,15.1,15.1,15.1,0
9/16/2024,16:00,12.8,12.8,12.8,0
9/16/2024,17:00,12.4,12.4,12.4,0
9/16/2024,18:00,11,11,11,0
9/16/2024,19:00,12.8,12.8,12.8,0
9/16/2024,20:00,14.6,14.6,14.6,0
9/16/2024,21:00,14.3,14.3,14.3,0
9/16/2024,22:00,14.3,14.3,14.3,0
9/16/2024,23:00,16.9,16.9,16.9,0
9/17/2024,0:00,27,27,27,0
9/17/2024,1:00,39,39,39,0
9/17/2024,2:00,36.9,36.9,36.9,0
9/17/2024,3:00,29.4,29.4,29.4,0
9/17/2024,4:00,27.5,27.5,27.5,0
9/17/2024,5:00,29.2,29.2,29.2,0
9/17/2024,6:00,25.8,25.8,25.8,0
9/17/2024,7:00,23.4,23.4,23.4,0
9/17/2024,8:00,22.8,22.8,22.8,0
9/17/2024,9:00,18.3,18.3,18.3,0
9/17/2024,10:00,15.6,15.6,15.6,0
9/17/2024,11:00,13.6,13.6,13.6,0
